user_id,account_age_days,kyc_level,has_defaulted,device_id
U_d994a6,916,Tier_2,0,D_492387
U_9db00a,1459,Tier_1,0,D_45b4cb
U_9c2ccb,1784,Tier_3,0,D_181bfb
U_82a940,1663,Tier_2,0,D_cb255d
U_34a5bf,459,Tier_2,0,D_2ad25f
U_4bdf86,439,Tier_2,0,D_69ade7
U_e1e268,1563,Tier_2,0,D_a3d5c7
U_304e34,52,Tier_3,0,D_345211
U_2f5f8c,1156,Tier_2,0,D_1f6f0d
U_d4cead,1380,Tier_2,0,D_596432
U_02ce87,1042,Tier_2,0,D_6faa13
U_d79da8,577,Tier_3,0,D_560527
U_4c8054,567,Tier_3,0,D_d8035e
U_9bf6f5,607,Tier_2,0,D_507b8d
U_036001,528,Tier_2,0,D_d29113
U_ab4f2f,373,Tier_3,0,D_7d99d7
U_328579,826,Tier_1,0,D_d25bfa
U_55818c,744,Tier_2,0,D_3ec01f
U_2d8007,960,Tier_2,0,D_bb7e9d
U_ee8e3a,455,Tier_2,0,D_e814d2
U_b72057,1186,Tier_3,0,D_35bb3d
U_5e20ef,1499,Tier_3,0,D_773b95
U_cf5531,602,Tier_2,0,D_7be28b
U_5e6550,922,Tier_3,0,D_7606ac
U_59715f,873,Tier_2,0,D_6c9d88
U_82666d,950,Tier_1,0,D_f263f9
U_2d8bcd,1027,Tier_2,0,D_3dda14
U_53e950,1099,Tier_2,0,D_652fae
U_031c20,942,Tier_2,0,D_497776
U_6468dd,524,Tier_2,0,D_e671a8
U_789462,476,Tier_3,0,D_a1ee0a
U_6b4e2d,351,Tier_1,0,D_2c1c8a
U_b008f7,1024,Tier_2,0,D_e0e1b5
U_49137d,1368,Tier_3,0,D_a0916d
U_6a675c,1560,Tier_3,0,D_253f06
U_eb826c,1080,Tier_2,0,D_ab0480
U_5c34cf,1520,Tier_2,0,D_315be3
U_ba04b9,645,Tier_3,0,D_460acd
U_4093d2,787,Tier_1,0,D_1f0d19
U_aed18d,528,Tier_2,0,D_ec1a73
U_ceffcb,23,Tier_1,0,D_8c16e4
U_1d3567,289,Tier_2,0,D_f54ec6
U_43cf88,1341,Tier_2,0,D_354881
U_0f5a96,1002,Tier_1,0,D_db23b0
U_192207,458,Tier_2,0,D_8e8fe7
U_542239,608,Tier_2,0,D_e50dad
U_425e63,1253,Tier_1,0,D_f0e4f3
U_18a22d,838,Tier_2,0,D_fd5d68
U_0d5048,1512,Tier_1,0,D_117ff1
U_9d8f55,405,Tier_2,0,D_65e534
U_d36746,1414,Tier_2,0,D_f5c722
U_f79bc8,1300,Tier_3,0,D_8156da
U_64f052,1713,Tier_2,0,D_ce9e02
U_1f5f51,73,Tier_3,0,D_fe0bb9
U_4dc35b,867,Tier_2,0,D_6516bb
U_f7481b,199,Tier_3,0,D_a5d399
U_dae084,816,Tier_2,0,D_bc450b
U_a5e1b2,502,Tier_3,0,D_65e60b
U_dff117,1007,Tier_1,0,D_305aaf
U_6929df,1159,Tier_2,0,D_35a5a0
U_590e13,1715,Tier_3,0,D_de84f0
U_fa2743,1711,Tier_2,0,D_314ef1
U_f023dc,1364,Tier_2,0,D_16c32b
U_8974bd,914,Tier_2,0,D_701565
U_1d6a24,1123,Tier_2,0,D_3aa063
U_35cd7b,522,Tier_3,0,D_d2b247
U_a76e81,1794,Tier_2,0,D_e9c56e
U_d42d1d,1656,Tier_1,0,D_0e839d
U_1e28bf,1661,Tier_2,0,D_b499a3
U_eac278,898,Tier_2,0,D_549740
U_c99dde,641,Tier_2,0,D_9badce
U_be0728,1396,Tier_3,0,D_caf173
U_4bef9a,267,Tier_2,0,D_64ac02
U_d16d69,804,Tier_2,0,D_32e90e
U_02c203,1162,Tier_2,0,D_be334c
U_e5b253,447,Tier_2,0,D_9e5735
U_630a11,767,Tier_2,0,D_844e2e
U_c1eab6,471,Tier_3,0,D_833aaa
U_7a1e55,1687,Tier_1,0,D_0c599b
U_56219d,707,Tier_2,0,D_49f2c4
U_3c5a03,158,Tier_2,0,D_3485c1
U_a4eaf6,1527,Tier_3,0,D_5aafb7
U_a4cb63,162,Tier_2,0,D_a35049
U_79574d,1396,Tier_2,0,D_a33858
U_bde3b3,721,Tier_1,0,D_5f2821
U_ffbeed,209,Tier_1,0,D_fdc67a
U_0d9013,1678,Tier_3,0,D_e8287b
U_918ff3,1373,Tier_2,0,D_dc6c1c
U_570a45,1201,Tier_2,0,D_1b3f1a
U_77ee01,1203,Tier_2,0,D_7af711
U_89a7d9,20,Tier_2,0,D_69f06d
U_8a87b0,213,Tier_3,0,D_91bb39
U_022eb6,144,Tier_1,0,D_cdc725
U_38a683,873,Tier_3,0,D_d15b7d
U_c5f72d,1084,Tier_2,0,D_2e9508
U_931d7a,620,Tier_3,0,D_c58031
U_95fda1,1006,Tier_2,0,D_d1f7fc
U_b89020,1167,Tier_2,0,D_277d82
U_33a4d1,1773,Tier_2,0,D_97a665
U_51b5d6,416,Tier_1,0,D_ed5dc7
U_9edc51,1460,Tier_3,0,D_e70169
U_b56e1d,483,Tier_2,0,D_6a76a4
U_d902dd,161,Tier_1,0,D_621e06
U_d7e359,1483,Tier_2,0,D_6516bb
U_47a9f6,179,Tier_3,0,D_8677dc
U_4c694e,764,Tier_3,0,D_459ede
U_4cf679,506,Tier_3,0,D_f0c5b3
U_a1df77,1443,Tier_3,0,D_c8b6c1
U_a7c4e8,1256,Tier_2,0,D_85eed1
U_451016,983,Tier_2,0,D_b7ab29
U_600e82,856,Tier_2,0,D_55a706
U_f96262,1552,Tier_1,0,D_cbe700
U_dd561c,545,Tier_2,0,D_1b9c10
U_2a90e0,809,Tier_3,0,D_4d152a
U_8a96d6,1775,Tier_1,0,D_87b1bc
U_54bde3,1407,Tier_2,0,D_1b1458
U_8895d5,1148,Tier_2,0,D_1e904c
U_fe6b57,1729,Tier_1,0,D_3bad89
U_ca2a22,950,Tier_3,0,D_2fb3be
U_adb345,1376,Tier_3,0,D_364d29
U_818c44,1186,Tier_2,0,D_1076dc
U_400d86,1783,Tier_3,0,D_2ee929
U_651a03,1379,Tier_2,0,D_aec45d
U_b5f83b,71,Tier_2,0,D_9a5e14
U_f9ce1c,633,Tier_3,0,D_94312b
U_165e4d,350,Tier_1,0,D_21f91a
U_a7ef26,714,Tier_1,0,D_3f1f20
U_a2fdc8,1457,Tier_2,0,D_c783f8
U_707d02,670,Tier_1,0,D_8f820f
U_41b072,973,Tier_3,0,D_ea1bf6
U_c2394a,1229,Tier_2,0,D_0b8518
U_abe74b,377,Tier_1,0,D_a40c5f
U_995417,820,Tier_1,0,D_026e56
U_1ee817,1680,Tier_2,0,D_42b3b7
U_737174,1778,Tier_3,0,D_915106
U_ff39bb,1276,Tier_2,0,D_3e49d1
U_eecb2c,49,Tier_3,0,D_1df214
U_43bbed,219,Tier_1,0,D_d11727
U_412fe9,203,Tier_2,0,D_606bae
U_155f21,1335,Tier_2,0,D_7ce854
U_1431f5,401,Tier_1,0,D_e25168
U_8f3b23,173,Tier_2,0,D_933318
U_c797f3,174,Tier_3,0,D_363a68
U_148032,411,Tier_3,0,D_333010
U_7694c6,1799,Tier_3,0,D_c80474
U_920908,951,Tier_2,0,D_e89ca1
U_e545ec,980,Tier_2,0,D_1f0d19
U_a90151,1386,Tier_3,0,D_7a845c
U_73d173,596,Tier_2,0,D_47b118
U_65bece,1319,Tier_2,0,D_bc5a23
U_7c7350,1228,Tier_2,0,D_c8d790
U_9a7da8,933,Tier_2,0,D_f350f0
U_2fcd9e,1464,Tier_2,0,D_162683
U_610925,228,Tier_2,0,D_314ef1
U_e52b2f,877,Tier_3,0,D_553a9c
U_ebf651,1402,Tier_2,0,D_4c0fff
U_147a02,8,Tier_1,0,D_33563d
U_29ab4a,1167,Tier_1,0,D_886c6d
U_461b25,1727,Tier_1,0,D_d60e8f
U_4fd3f9,1293,Tier_3,0,D_bdea21
U_bd2929,663,Tier_2,0,D_667a53
U_263356,932,Tier_2,0,D_ffb2e9
U_2fed01,1201,Tier_1,0,D_da3641
U_c4e31e,761,Tier_2,0,D_859f71
U_bb9558,1514,Tier_2,0,D_7bff26
U_36fd03,1012,Tier_2,0,D_8677dc
U_bbcb25,1297,Tier_3,0,D_c5162d
U_b3d395,1444,Tier_3,0,D_d79988
U_96ad3f,101,Tier_2,0,D_a33858
U_9ba99c,831,Tier_2,0,D_de6b3e
U_348891,214,Tier_2,0,D_5d5878
U_2ccd26,406,Tier_2,0,D_28933d
U_db3025,216,Tier_2,0,D_8b6ff6
U_a55fd2,1416,Tier_2,0,D_f91d5d
U_5b6d72,1114,Tier_3,0,D_a03128
U_f6910c,599,Tier_3,0,D_6dfab8
U_a98f5c,555,Tier_1,0,D_61bf4b
U_ec7aa7,757,Tier_2,0,D_8086f3
U_6445c8,1619,Tier_2,0,D_839d71
U_ccfa68,394,Tier_2,0,D_ceadca
U_bf2cbc,485,Tier_2,0,D_8bc4e9
U_7e5a84,1297,Tier_3,0,D_163c14
U_93bb26,1031,Tier_3,0,D_d4c2d0
U_125356,171,Tier_2,0,D_5824d1
U_63ffbe,257,Tier_2,0,D_3f1f20
U_bf7951,562,Tier_1,0,D_3f1f20
U_221661,1724,Tier_1,0,D_062eef
U_fc9d25,136,Tier_3,0,D_dff786
U_495457,882,Tier_2,0,D_08b85a
U_08772d,1533,Tier_2,0,D_2872ce
U_65940b,885,Tier_2,0,D_27fb67
U_a49aef,1256,Tier_1,0,D_674646
U_00c83b,897,Tier_2,0,D_8f0e2f
U_34966a,535,Tier_2,0,D_cfc7c5
U_57ae8c,217,Tier_2,0,D_0b71fd
U_c9ce36,1304,Tier_2,0,D_276ad3
U_5f2513,1597,Tier_2,0,D_200629
U_184d13,413,Tier_2,0,D_1679a0
U_bc8785,414,Tier_3,0,D_5b0d2e
U_9026ca,391,Tier_1,0,D_6dfa5c
U_d74d46,1062,Tier_3,0,D_db3d99
U_aa69cb,137,Tier_3,0,D_1efc44
U_6d0201,69,Tier_1,0,D_a009dd
U_62b0e3,113,Tier_3,0,D_7db737
U_24417c,1574,Tier_3,0,D_538cb0
U_b9f3fc,87,Tier_1,0,D_668f23
U_44816a,822,Tier_2,0,D_7606ac
U_48e956,1139,Tier_3,0,D_95b415
U_912353,1336,Tier_3,0,D_5c6bc9
U_c62f39,1298,Tier_3,0,D_e89d43
U_400746,1677,Tier_2,0,D_772b0b
U_d77485,1481,Tier_3,0,D_47251d
U_672d58,1588,Tier_2,0,D_8eba79
U_fa8038,387,Tier_2,0,D_2531d5
U_35d262,113,Tier_1,0,D_a659e3
U_382338,1305,Tier_2,0,D_377fd2
U_eb525c,1746,Tier_2,0,D_001b5d
U_23c55b,1062,Tier_1,0,D_91e876
U_a73419,1117,Tier_2,0,D_861b96
U_152229,790,Tier_2,0,D_7ecde8
U_33df2d,639,Tier_2,0,D_abc77c
U_0c4b1a,618,Tier_3,0,D_534565
U_f7bfba,602,Tier_3,0,D_35bb3d
U_c3b2ca,1049,Tier_3,0,D_f0fa30
U_356e0d,1680,Tier_2,0,D_92a176
U_0ed609,763,Tier_1,0,D_69be38
U_758de7,707,Tier_2,0,D_ca73c4
U_442148,13,Tier_3,0,D_7c47dc
U_9a7553,301,Tier_2,0,D_c770bd
U_eb6832,303,Tier_2,0,D_ed6a7c
U_5439a6,342,Tier_2,0,D_ec1954
U_16c289,584,Tier_2,0,D_104038
U_b2087c,1414,Tier_3,0,D_23b743
U_094d15,1663,Tier_2,0,D_2de922
U_175879,937,Tier_2,0,D_fe5b34
U_85ad03,390,Tier_1,0,D_f3b28e
U_d8d062,20,Tier_1,0,D_5c61f7
U_e0f2bd,1064,Tier_2,0,D_b22247
U_0fbebd,1323,Tier_2,0,D_3760d9
U_980ad9,687,Tier_1,0,D_ea4b13
U_d2075c,1529,Tier_2,0,D_fd1edf
U_75d97f,729,Tier_1,0,D_f62707
U_06794f,686,Tier_2,0,D_1147a7
U_34f51b,1760,Tier_3,0,D_35889d
U_fadb53,28,Tier_2,0,D_02b738
U_1848cb,1049,Tier_2,0,D_e3baba
U_a33876,1242,Tier_3,0,D_0eaaa3
U_e2cf31,308,Tier_1,0,D_29e809
U_06eb42,1535,Tier_1,0,D_b828e9
U_39eed7,32,Tier_1,0,D_c9932e
U_6daabd,369,Tier_1,0,D_ff677a
U_a75474,1752,Tier_2,0,D_ef7269
U_fa7e38,1361,Tier_3,0,D_837215
U_e3c967,610,Tier_2,0,D_5c6ff7
U_6f130a,558,Tier_3,0,D_06b42b
U_de3f81,886,Tier_3,0,D_76387d
U_1dacf9,1325,Tier_1,0,D_664214
U_67265e,264,Tier_1,0,D_10e6a4
U_a2c4ed,830,Tier_1,0,D_37acd5
U_822cb1,542,Tier_2,0,D_c7d172
U_36bf7d,539,Tier_2,0,D_afd061
U_3170e5,1321,Tier_1,0,D_886a4f
U_5df6ed,385,Tier_2,0,D_6dfa5c
U_cd4213,371,Tier_2,0,D_98f64f
U_9cdedc,144,Tier_2,0,D_176887
U_77602f,1389,Tier_2,0,D_12d854
U_46bbee,971,Tier_2,0,D_2b4a0e
U_b314e2,1523,Tier_3,0,D_5179bb
U_d9cd2f,1360,Tier_2,0,D_195cd0
U_e8c68c,1778,Tier_3,0,D_09c84e
U_5c27cb,506,Tier_3,0,D_5c24b1
U_d18449,235,Tier_1,0,D_afff7e
U_1e20d3,1558,Tier_1,0,D_719d69
U_b31579,248,Tier_3,0,D_3de57c
U_0e4ac5,1196,Tier_1,0,D_3efca5
U_ef5efa,914,Tier_2,0,D_017d6a
U_8c4ad2,1171,Tier_2,0,D_7b4e12
U_d9f193,1731,Tier_1,0,D_ed3959
U_37c666,756,Tier_1,0,D_55c1a5
U_bdcfcd,1450,Tier_3,0,D_0c2de3
U_b5c601,843,Tier_2,0,D_d24751
U_6d7f57,1583,Tier_3,0,D_dc9276
U_cbb7f1,1100,Tier_1,0,D_887305
U_8245c2,1392,Tier_1,0,D_15a074
U_fb9c11,188,Tier_3,0,D_78ec67
U_5c7462,673,Tier_1,0,D_27fb67
U_f2ad6b,1116,Tier_3,0,D_b4d229
U_94aa86,1324,Tier_2,0,D_ded5cd
U_2a964a,236,Tier_3,0,D_0f3b6c
U_b2dd82,1236,Tier_1,0,D_aa3dd9
U_2e07f7,1067,Tier_2,0,D_333010
U_693e4f,1524,Tier_3,0,D_14d790
U_df13d3,916,Tier_3,0,D_6d6b46
U_b270fe,237,Tier_2,0,D_8c4d72
U_bbe74d,1312,Tier_2,0,D_c9c314
U_d49816,1178,Tier_3,0,D_5fd9ea
U_604244,990,Tier_2,0,D_42b3b7
U_1dbf6d,503,Tier_2,0,D_c2694b
U_74113f,234,Tier_1,0,D_8aa6bd
U_8d6824,1316,Tier_1,0,D_f980d3
U_130e9b,62,Tier_3,0,D_d605ab
U_f95d82,1713,Tier_2,0,D_92d858
U_0c5411,264,Tier_2,0,D_b514d2
U_a3e674,258,Tier_1,0,D_8e86b4
U_a555f0,586,Tier_3,0,D_4b0e66
U_94562f,1754,Tier_2,0,D_3c2a33
U_3f9e8a,1695,Tier_2,0,D_7841ee
U_e916a2,456,Tier_3,0,D_0a4205
U_6b3f90,745,Tier_3,0,D_a1b7c1
U_723e9e,42,Tier_3,0,D_b06da4
U_e978cb,630,Tier_3,0,D_eee9ec
U_4d18f4,1110,Tier_2,0,D_3b43bc
U_25a46d,617,Tier_2,0,D_8d088c
U_2365fe,1496,Tier_2,0,D_1e6e34
U_8babf1,1662,Tier_2,0,D_149337
U_e453bb,837,Tier_3,0,D_320ec5
U_dd9392,392,Tier_2,0,D_da06ea
U_d5381c,346,Tier_3,0,D_a7cef6
U_426fbe,1428,Tier_2,0,D_55a706
U_c0cb2b,1585,Tier_2,0,D_e71e4c
U_0b3d98,581,Tier_2,0,D_3119c0
U_816a3d,767,Tier_1,1,D_aa2e05
U_e28839,885,Tier_3,0,D_9ed3e5
U_45a3b0,1269,Tier_2,0,D_5bf987
U_2400de,1011,Tier_2,0,D_621e06
U_13970e,1737,Tier_1,0,D_7ecde8
U_5548c7,1289,Tier_2,0,D_478cf8
U_33c927,676,Tier_3,0,D_58be22
U_ad6ebf,1589,Tier_3,0,D_28e458
U_0b550e,878,Tier_2,0,D_ac2c35
U_220909,1582,Tier_2,0,D_c6ea66
U_55b8b7,1116,Tier_2,0,D_3a19a0
U_939802,162,Tier_2,0,D_95afff
U_6b752c,3,Tier_1,0,D_FRAUD_999
U_26fdfe,1775,Tier_3,0,D_5515e7
U_b753e3,1662,Tier_1,0,D_45d0c1
U_bed6fb,492,Tier_2,0,D_9dc703
U_cfd141,124,Tier_2,0,D_657ea7
U_9e5090,1728,Tier_3,0,D_fc5795
U_29d1e5,1573,Tier_3,0,D_bfbe1e
U_ba0fcf,1344,Tier_2,0,D_75ed26
U_8dbdaa,767,Tier_2,0,D_eb0c17
U_fa525a,497,Tier_2,0,D_4ba134
U_f309fd,1564,Tier_3,0,D_fe7966
U_040a61,1128,Tier_2,0,D_3e96e1
U_cb9714,776,Tier_2,0,D_eb9dfb
U_f207e0,1134,Tier_2,0,D_e4280f
U_f8dace,81,Tier_2,0,D_862ba5
U_ff7ddc,426,Tier_2,0,D_a511de
U_f161c6,1538,Tier_2,0,D_fe5bf7
U_ffb1f4,751,Tier_2,0,D_af7044
U_2828e1,929,Tier_1,0,D_3a5a81
U_40a789,1114,Tier_2,0,D_ed6ecd
U_7915c1,1003,Tier_2,0,D_d1e617
U_d210e0,457,Tier_2,0,D_9fb152
U_74ac49,1772,Tier_3,0,D_ce9c4e
U_d83ade,218,Tier_2,0,D_603dba
U_4e3415,182,Tier_1,0,D_bd27b3
U_f50216,870,Tier_3,0,D_dafb79
U_94d0a8,1323,Tier_3,0,D_510cee
U_bc1f44,1581,Tier_1,0,D_9aea6a
U_94e429,526,Tier_2,0,D_9fed32
U_3c64f5,273,Tier_2,0,D_4c8500
U_e14c8f,407,Tier_1,0,D_5d5878
U_d11378,488,Tier_3,0,D_286b59
U_d32730,79,Tier_3,0,D_252ecd
U_fc53cb,1174,Tier_1,0,D_2244ee
U_1bfb65,1591,Tier_2,0,D_c53692
U_b5aca3,350,Tier_3,0,D_9b81f3
U_161b97,858,Tier_2,0,D_17210e
U_cd2221,981,Tier_1,0,D_da4bd2
U_48ea3d,140,Tier_2,0,D_d5ec68
U_2ee635,330,Tier_1,0,D_1ed0d7
U_f72671,1220,Tier_3,0,D_be7da5
U_b7282b,499,Tier_2,0,D_f5bf9a
U_7e5e99,201,Tier_1,0,D_ef4f44
U_2c42da,169,Tier_1,0,D_bad332
U_1ec5f5,1083,Tier_2,0,D_3e2124
U_6291b6,126,Tier_2,0,D_86bdb6
U_f0ca91,475,Tier_3,0,D_07ed4e
U_38f2f5,92,Tier_2,0,D_c5682c
U_7a3f30,710,Tier_3,0,D_f9a21e
U_71f38e,1117,Tier_2,0,D_807eca
U_2c7d10,1011,Tier_2,0,D_0a38a2
U_e7fd32,192,Tier_3,0,D_c132c0
U_528acf,873,Tier_1,0,D_304243
U_00a147,418,Tier_2,0,D_eb6b39
U_6622da,1049,Tier_1,0,D_982a31
U_e3bbb1,710,Tier_2,0,D_c12438
U_7e8fef,309,Tier_2,0,D_83ca58
U_0842c6,270,Tier_1,0,D_475de1
U_50b42d,214,Tier_2,0,D_dc430f
U_5e2acb,525,Tier_3,0,D_4c8500
U_330622,1658,Tier_2,0,D_787c7c
U_e73c17,1674,Tier_1,0,D_d652db
U_90b047,178,Tier_2,0,D_f1278b
U_80d1b0,821,Tier_2,0,D_094588
U_585f74,946,Tier_2,0,D_933ffb
U_43a2c4,1393,Tier_2,0,D_3813b9
U_414cf9,1044,Tier_1,0,D_d63dc0
U_0e3def,332,Tier_2,0,D_e814d2
U_f58aa4,30,Tier_3,0,D_9304fb
U_a2960b,205,Tier_1,0,D_e04ef5
U_fe2da0,945,Tier_2,0,D_fbf81f
U_c0703a,730,Tier_2,0,D_2531d5
U_fb6c38,1702,Tier_2,0,D_fa45fa
U_843050,519,Tier_3,0,D_a85ca7
U_31a7b6,1479,Tier_2,0,D_c12438
U_519095,219,Tier_2,0,D_d845b1
U_b143e2,229,Tier_1,0,D_8677dc
U_980465,31,Tier_2,0,D_369334
U_0faf2c,766,Tier_1,0,D_fd71b7
U_f1c270,1078,Tier_2,0,D_05faa5
U_c2d570,1063,Tier_1,0,D_5b6372
U_f818a9,85,Tier_3,0,D_021454
U_464c2e,883,Tier_3,0,D_cef1be
U_369168,1352,Tier_2,0,D_361883
U_216dd1,1052,Tier_2,0,D_cdc725
U_38c11e,1040,Tier_2,0,D_90b6aa
U_f3b920,1282,Tier_3,0,D_7290a9
U_2230c5,299,Tier_3,0,D_b52878
U_78fa14,1293,Tier_2,0,D_bf777c
U_8edeb3,1404,Tier_2,0,D_6e691f
U_0a36bb,1056,Tier_3,0,D_7afbe2
U_b413d9,319,Tier_3,0,D_d0c653
U_66c64d,540,Tier_1,0,D_fe51c8
U_0cc473,620,Tier_2,0,D_331de1
U_f7994d,710,Tier_3,0,D_6e9c18
U_50cca8,720,Tier_2,0,D_10c233
U_15d2a6,561,Tier_1,0,D_0e8051
U_8c0201,1155,Tier_3,0,D_23b6d9
U_5163d6,1696,Tier_1,0,D_decb91
U_ddead0,386,Tier_1,0,D_3f1f20
U_bde4c1,1276,Tier_2,0,D_b08c97
U_8e4add,1063,Tier_3,0,D_3fe861
U_2a1161,392,Tier_2,0,D_6e691f
U_c8969c,1526,Tier_2,0,D_3485c1
U_be2351,1694,Tier_2,0,D_40ddf3
U_352b2f,146,Tier_1,0,D_ee37a4
U_d3caee,1631,Tier_2,0,D_afff7e
U_4398f7,109,Tier_2,0,D_343b07
U_622a74,214,Tier_1,0,D_252ecd
U_4fb6cd,1239,Tier_1,0,D_706f0a
U_68c7d2,991,Tier_3,0,D_5ed14a
U_1a2cd9,1567,Tier_3,0,D_18a9ba
U_e29b56,1411,Tier_3,0,D_8c8a7b
U_546868,1173,Tier_3,0,D_bf777c
U_28739a,1111,Tier_2,0,D_cfc7c5
U_af8e3e,1674,Tier_1,0,D_23715a
U_80cefd,1269,Tier_3,0,D_fe21d5
U_5369ba,1443,Tier_3,0,D_644f77
U_ea9fb4,1477,Tier_2,0,D_a6f305
U_2bec2c,1779,Tier_2,0,D_cf2b6c
U_c230ca,1481,Tier_3,0,D_31f3a9
U_2923da,90,Tier_2,0,D_dd449e
U_24c4af,1171,Tier_1,0,D_76d096
U_2b5b56,640,Tier_1,0,D_a6b844
U_bcd7cb,301,Tier_1,0,D_ffc4e9
U_29f9e2,443,Tier_1,0,D_52fd4d
U_153e08,1046,Tier_2,0,D_301413
U_da77ef,1726,Tier_1,0,D_5eb453
U_40c0a5,1553,Tier_1,0,D_b3f431
U_e352fb,1443,Tier_1,0,D_46d3e0
U_453c20,1551,Tier_3,0,D_538cb0
U_d60a8f,1299,Tier_2,0,D_0863f6
U_8abd7f,800,Tier_1,0,D_23715a
U_4fdb91,1000,Tier_1,0,D_10c233
U_9d07b7,1310,Tier_3,0,D_8c8cfd
U_0f84bd,1183,Tier_2,0,D_d38b2e
U_66c19e,1153,Tier_2,0,D_048869
U_9bdbbc,803,Tier_1,0,D_41d29a
U_fc40cc,383,Tier_3,0,D_51f04e
U_e2723c,1263,Tier_2,0,D_5d5878
U_0b45d3,1579,Tier_2,0,D_5b1639
U_af3f1d,981,Tier_2,0,D_bdc4d9
U_d76829,981,Tier_1,0,D_c2ca75
U_f40abb,1536,Tier_2,0,D_1148ee
U_580dc0,1084,Tier_1,0,D_fb119c
U_b6ae8a,889,Tier_3,0,D_88017f
U_8deb79,660,Tier_2,0,D_971d13
U_7b523e,945,Tier_2,0,D_0899a1
U_563b01,1244,Tier_2,0,D_fd825b
U_99a8d0,1065,Tier_3,0,D_a87370
U_806ba1,586,Tier_3,0,D_a8899a
U_952871,256,Tier_2,0,D_a2ae5c
U_69f768,167,Tier_2,0,D_953e6d
U_e85706,943,Tier_2,0,D_78ec67
U_7fd944,1301,Tier_3,0,D_8eaa31
U_56fa2e,1712,Tier_2,0,D_45bab1
U_ca0aab,440,Tier_2,0,D_fd6ffb
U_b733d9,1081,Tier_3,0,D_600b12
U_861e94,343,Tier_3,0,D_73f3c3
U_73ae23,998,Tier_2,0,D_fe7337
U_49a5f6,1541,Tier_3,0,D_80ad80
U_cec4de,946,Tier_2,0,D_4ed69a
U_3f47cc,1496,Tier_3,0,D_56d1d7
U_31dbfe,1492,Tier_2,0,D_32dcd4
U_d5b891,828,Tier_2,0,D_048869
U_c08af1,1534,Tier_3,0,D_656565
U_937fe7,254,Tier_2,0,D_8a75da
U_5b8516,1621,Tier_3,0,D_2812b0
U_52001a,1291,Tier_1,0,D_ae1b4e
U_8cd903,1001,Tier_3,1,D_d11727
U_c556fc,275,Tier_3,0,D_b196e9
U_8af11b,1777,Tier_3,0,D_1ff5d1
U_9fc231,1559,Tier_1,0,D_bc593c
U_c95638,1268,Tier_3,0,D_c770bd
U_8ad0e5,941,Tier_3,0,D_35889d
U_078244,383,Tier_2,0,D_c6ea66
U_54152b,97,Tier_2,0,D_dc6c1c
U_e98e02,1500,Tier_2,0,D_2531d5
U_9e30e3,449,Tier_2,0,D_510869
U_595195,1586,Tier_2,0,D_56652c
U_6d9a89,991,Tier_3,0,D_a04a05
U_923e7d,1144,Tier_2,0,D_e7d2a4
U_c97855,180,Tier_2,0,D_d96e94
U_9a85ca,511,Tier_3,0,D_e1f68b
U_8d3397,1088,Tier_2,0,D_c7d172
U_2fbbd7,1509,Tier_3,0,D_e9dcdd
U_1a47c1,43,Tier_1,0,D_501ba0
U_bd3ca6,50,Tier_3,0,D_03aaf7
U_9d9035,17,Tier_2,0,D_e86785
U_519e73,644,Tier_3,0,D_057367
U_196649,1521,Tier_2,0,D_ae8d1c
U_2dfc2a,1733,Tier_3,0,D_345e0d
U_9c2191,1122,Tier_2,0,D_ad6dc9
U_97ea18,994,Tier_2,0,D_cc71f3
U_1920e9,1164,Tier_3,0,D_fe7337
U_1f1300,1120,Tier_1,0,D_64c4b9
U_2e1e4d,150,Tier_2,0,D_b196e9
U_e1f824,672,Tier_1,0,D_71c874
U_272062,1465,Tier_3,0,D_71f7f3
U_e14ade,284,Tier_2,0,D_3b9591
U_00cd6d,218,Tier_3,0,D_192ec0
U_d80690,859,Tier_1,0,D_d66e74
U_d209ea,1411,Tier_2,0,D_220e5c
U_1381b0,1493,Tier_2,0,D_a1ee0a
U_b914c5,1759,Tier_2,0,D_93d5e0
U_d5f595,548,Tier_3,0,D_9be698
U_28b4d4,1783,Tier_2,0,D_211483
U_da518a,982,Tier_2,0,D_8f1b5b
U_096874,1777,Tier_2,0,D_969d75
U_65ada9,741,Tier_3,0,D_a7ec22
U_9a1acc,1619,Tier_2,0,D_7c9a2b
U_94f77d,535,Tier_1,0,D_07ed4e
U_31f482,1431,Tier_3,0,D_766385
U_812b8e,876,Tier_1,0,D_478cf8
U_8f7243,178,Tier_1,0,D_5e99ff
U_b0ffce,319,Tier_2,0,D_348ac3
U_04c5a8,375,Tier_2,0,D_c27b33
U_b369bb,1454,Tier_3,0,D_bdecfd
U_acd588,1270,Tier_1,0,D_3bdacb
U_47c9d4,952,Tier_3,0,D_4e18ef
U_d55038,1353,Tier_2,0,D_f980d3
U_c54c9d,740,Tier_1,0,D_3c0385
U_8f0fd5,849,Tier_2,0,D_560527
U_03aa72,1600,Tier_3,0,D_977179
U_44bc99,381,Tier_2,0,D_773b95
U_27ebb3,46,Tier_2,0,D_021454
U_e31fe1,1068,Tier_3,0,D_502dd2
U_151faa,455,Tier_2,0,D_a3d5c7
U_3ccf03,1542,Tier_1,0,D_abbfba
U_99c2c5,1647,Tier_3,0,D_354881
U_d45275,1297,Tier_2,0,D_fbfe13
U_800796,69,Tier_3,0,D_3c7092
U_bad71e,733,Tier_1,0,D_9a0705
U_6e18a9,563,Tier_2,0,D_810c7f
U_b344eb,1415,Tier_3,0,D_e7bf9a
U_900a4e,1703,Tier_2,0,D_ba582d
U_544a69,6,Tier_1,0,D_05b6d5
U_ee9a7c,1271,Tier_1,0,D_5040c7
U_f54fe3,1323,Tier_3,0,D_71a528
U_ee94b9,381,Tier_2,0,D_492401
U_8e9b3a,79,Tier_3,0,D_dc6c1c
U_2da384,371,Tier_3,0,D_d96715
U_6aa7d7,1676,Tier_3,0,D_388e0d
U_4a6d81,1341,Tier_2,0,D_724a4d
U_d82b03,799,Tier_2,0,D_887305
U_ab1e2d,11,Tier_3,0,D_cb511a
U_8682e8,897,Tier_3,0,D_d46fc0
U_6fda33,1271,Tier_3,0,D_1ad646
U_df5d88,487,Tier_2,0,D_4dc25f
U_cc4f2c,554,Tier_2,0,D_b4ddbd
U_37d1c8,1333,Tier_1,0,D_a7ed44
U_7ff793,909,Tier_1,0,D_56d1d7
U_1bc4fe,509,Tier_3,0,D_3f4edb
U_a084c0,33,Tier_3,0,D_b27fe5
U_40cf2b,817,Tier_2,0,D_37d705
U_0f9067,1064,Tier_2,0,D_3df1d4
U_56d1ef,374,Tier_2,0,D_af7549
U_b97b9f,1788,Tier_2,0,D_0315d9
U_0aa0ae,1209,Tier_2,0,D_7fd4a6
U_687723,749,Tier_2,0,D_20364b
U_0e9667,1439,Tier_2,0,D_51400e
U_d86dc8,739,Tier_1,0,D_62349a
U_1ec394,986,Tier_1,0,D_118203
U_f849dc,842,Tier_2,0,D_a2f65a
U_584bc0,623,Tier_3,0,D_fe9dbf
U_70cf21,1084,Tier_3,0,D_9badce
U_ef14f9,342,Tier_1,0,D_7cb478
U_9e00d7,1653,Tier_2,0,D_8e59fe
U_99d7c6,1400,Tier_3,0,D_cde8a6
U_daae70,115,Tier_3,0,D_1f76fe
U_273ce8,833,Tier_2,0,D_aeef17
U_7b691e,1777,Tier_2,0,D_0c664e
U_25a653,1663,Tier_2,0,D_fe4a28
U_6b7bb1,29,Tier_2,0,D_fb119c
U_5b3e24,393,Tier_3,0,D_f871a8
U_e23c9c,859,Tier_2,0,D_9624f6
U_f93f2f,143,Tier_3,0,D_d11727
U_efd868,783,Tier_2,0,D_05368e
U_b8bbc7,1553,Tier_1,0,D_73560a
U_02f015,260,Tier_3,0,D_cda319
U_62c5c4,728,Tier_2,0,D_267f2e
U_a2169d,1733,Tier_2,0,D_544b19
U_d30116,1285,Tier_2,0,D_d1e617
U_48c455,1152,Tier_3,0,D_dc7cc3
U_cf92b4,1198,Tier_2,0,D_6e8367
U_f6d325,312,Tier_2,0,D_cc459c
U_ea5256,777,Tier_2,0,D_6e3c44
U_a1a194,1539,Tier_3,0,D_43a1e8
U_500bf3,902,Tier_1,0,D_094588
U_f7040d,131,Tier_2,0,D_0ad56a
U_5aa68f,973,Tier_1,0,D_d5f48f
U_4bbd76,726,Tier_2,0,D_cc789b
U_4e4716,1343,Tier_1,0,D_d0d620
U_19038c,1735,Tier_3,0,D_de8234
U_037d71,673,Tier_1,0,D_8a9f05
U_1dc32e,482,Tier_2,0,D_d38b2e
U_262568,1234,Tier_2,0,D_f45a70
U_4420b8,1669,Tier_3,0,D_2c72d5
U_d00d8e,1319,Tier_2,0,D_960513
U_8e872d,418,Tier_2,0,D_bddc5b
U_605771,1632,Tier_3,0,D_4c7eff
U_4dcb23,1781,Tier_1,0,D_1bceb1
U_70abb7,1601,Tier_1,0,D_465a8b
U_fc8d39,1004,Tier_3,0,D_a40c5f
U_a6a386,1607,Tier_1,0,D_89f605
U_f0109a,403,Tier_2,0,D_dc3aef
U_b0bb09,1112,Tier_2,0,D_9c5a42
U_d5312a,955,Tier_3,0,D_dc430f
U_d7e0b6,990,Tier_1,0,D_fe51c8
U_b789bf,293,Tier_2,0,D_f165f4
U_eef4ac,754,Tier_2,0,D_981ca0
U_820068,536,Tier_2,0,D_4e52ea
U_48fe48,827,Tier_3,0,D_e04ef5
U_c20a45,326,Tier_2,0,D_a009dd
U_fb00eb,1764,Tier_2,0,D_b3f431
U_7132c0,211,Tier_1,0,D_68c5c4
U_a1138b,1446,Tier_2,0,D_950d6d
U_3e855d,83,Tier_3,0,D_0b4748
U_b0fe3d,1735,Tier_3,0,D_d33aca
U_18bfbf,619,Tier_3,0,D_b6eb7c
U_2726cf,1167,Tier_3,0,D_803ce1
U_f82b5d,1232,Tier_2,0,D_5a8456
U_9da393,775,Tier_3,0,D_ef703f
U_2c76b4,1367,Tier_2,0,D_18ef5f
U_5f7521,1225,Tier_3,0,D_ed7009
U_4d95e1,1530,Tier_2,0,D_1465be
U_c2999f,1638,Tier_2,0,D_048c1f
U_4189f1,1220,Tier_2,0,D_298d2e
U_62f4e1,1659,Tier_1,0,D_79102d
U_9ba987,788,Tier_1,0,D_652fae
U_8d8563,414,Tier_2,0,D_253f06
U_0195a1,857,Tier_1,0,D_f8bd5a
U_9a5527,212,Tier_2,0,D_328046
U_763528,511,Tier_2,0,D_6089f7
U_d9fda8,956,Tier_2,0,D_f25b9c
U_45505a,1524,Tier_2,0,D_3273bf
U_f6808d,689,Tier_2,0,D_0c72f6
U_e992bf,554,Tier_1,0,D_bf78bf
U_cfb66a,1354,Tier_2,0,D_166b10
U_d9394c,1576,Tier_1,0,D_3dda14
U_dc80c5,831,Tier_3,0,D_0e3a7c
U_461f14,485,Tier_3,0,D_540d14
U_91c797,1287,Tier_1,0,D_5af132
U_2340a8,721,Tier_1,0,D_05a6a2
U_84b3fc,913,Tier_3,0,D_2de6da
U_661736,88,Tier_3,0,D_dc2363
U_82d5e6,63,Tier_1,0,D_4ee50b
U_b375c2,1304,Tier_2,0,D_f20bdd
U_b975fc,1063,Tier_3,0,D_ce7ed5
U_a268f5,1119,Tier_1,0,D_8f820f
U_b5cf46,497,Tier_2,0,D_5dc245
U_0fca99,1203,Tier_3,0,D_236ebb
U_27280e,1371,Tier_1,0,D_be08c5
U_461302,1656,Tier_1,0,D_8e59fe
U_c97b2d,1373,Tier_2,0,D_3b298b
U_a64494,1793,Tier_2,0,D_322c97
U_19a37c,1736,Tier_2,0,D_dbf4ae
U_4d19a0,1195,Tier_2,0,D_4590f8
U_d640f8,207,Tier_2,0,D_d6a140
U_2fb760,1290,Tier_1,0,D_fb119c
U_931294,359,Tier_2,0,D_aa6e6e
U_f390cd,531,Tier_2,0,D_3f58c1
U_213d8e,91,Tier_2,0,D_871d76
U_68e4c3,755,Tier_2,0,D_3f394b
U_d38155,754,Tier_1,0,D_e6ff10
U_97dafd,355,Tier_2,0,D_cd8ac8
U_4409ee,1688,Tier_1,0,D_e71451
U_e51467,170,Tier_3,0,D_abc77c
U_7c9604,1661,Tier_2,0,D_83844f
U_1eab87,1579,Tier_2,0,D_48f020
U_2903c1,1367,Tier_1,0,D_64722e
U_da9f5d,713,Tier_2,0,D_97a665
U_2a95bf,1077,Tier_3,0,D_e0d9d9
U_616607,1301,Tier_3,0,D_3eb1bc
U_d28ec5,268,Tier_3,0,D_923079
U_11dd0a,1668,Tier_2,0,D_2d071d
U_ced66e,1508,Tier_3,0,D_49f2c4
U_081c3e,619,Tier_1,0,D_616a72
U_089301,1790,Tier_2,0,D_c9c314
U_aff09e,82,Tier_2,0,D_effae5
U_d029bd,1469,Tier_1,0,D_df72e5
U_8e86e6,1304,Tier_3,0,D_460d27
U_ff1d11,1402,Tier_2,0,D_7dc287
U_e30dc5,79,Tier_3,0,D_8ec289
U_c596e5,804,Tier_1,0,D_478f74
U_1d4012,278,Tier_2,0,D_c6e74d
U_522403,76,Tier_3,0,D_bd9569
U_a2e79f,992,Tier_1,0,D_4ca1e9
U_e65674,259,Tier_1,0,D_5338b5
U_5a1bb1,539,Tier_2,0,D_886c6d
U_b3b442,1198,Tier_2,0,D_d0992a
U_8581fb,1287,Tier_2,0,D_f06145
U_2c6e54,1704,Tier_2,0,D_a6e1ae
U_ba0f3d,1779,Tier_1,0,D_939182
U_bca2c6,379,Tier_2,0,D_15f563
U_a21216,3,Tier_3,0,D_FRAUD_999
U_8e7941,723,Tier_1,0,D_0519c0
U_f7f88f,84,Tier_3,0,D_3bbb4e
U_3c0473,49,Tier_3,0,D_94d599
U_09da9a,272,Tier_3,0,D_f20bdd
U_84c6dc,1648,Tier_2,0,D_40208d
U_ad996d,306,Tier_3,0,D_eace06
U_fc4809,1248,Tier_3,0,D_b09bd1
U_b4e012,1487,Tier_2,0,D_ec03e1
U_0c477f,186,Tier_2,0,D_1c221c
U_29915c,874,Tier_2,0,D_75ed26
U_5f5fb0,189,Tier_2,0,D_606bae
U_80a5df,1422,Tier_1,0,D_96d872
U_adb33a,762,Tier_3,0,D_91e876
U_27f2b4,1719,Tier_3,0,D_c3bafc
U_353fa0,879,Tier_2,0,D_2c79e2
U_653c1d,528,Tier_2,0,D_fcfa63
U_ba776b,1777,Tier_2,0,D_377f5c
U_6df19e,125,Tier_2,0,D_7884c8
U_ed66fc,1134,Tier_3,0,D_4e52ea
U_3c831e,1269,Tier_3,0,D_ef58d0
U_d0f6c7,765,Tier_2,0,D_667a53
U_06b69e,1400,Tier_1,0,D_92d858
U_c25b7c,617,Tier_2,0,D_3dbebc
U_3c1623,712,Tier_2,0,D_48b7f4
U_db1e71,1263,Tier_2,0,D_99ab73
U_db8a83,1028,Tier_1,0,D_3722b7
U_42cc45,924,Tier_2,0,D_9a31cf
U_f7d9e6,438,Tier_2,0,D_442267
U_9f3688,1216,Tier_2,0,D_cebcd9
U_132bb6,987,Tier_1,0,D_120b58
U_3353f7,502,Tier_2,0,D_7e6e7c
U_0018a1,387,Tier_2,0,D_b3f431
U_62ec1e,994,Tier_2,0,D_1f0d19
U_7eb15c,1757,Tier_3,0,D_1c5569
U_57025a,1496,Tier_1,0,D_0ccebb
U_15922b,1520,Tier_3,0,D_e507d3
U_581b93,891,Tier_1,0,D_1148ee
U_1de090,1151,Tier_3,0,D_21f91a
U_d2b5e2,773,Tier_2,0,D_88525f
U_6a11e3,486,Tier_3,0,D_d0992a
U_a2083f,16,Tier_3,0,D_42d776
U_9ad173,31,Tier_1,0,D_369334
U_886e77,1588,Tier_2,0,D_f9037e
U_240818,1427,Tier_3,0,D_df72e5
U_031e79,1750,Tier_2,0,D_95126f
U_e08579,729,Tier_1,0,D_df8dbf
U_e9f5e8,1531,Tier_3,0,D_343b07
U_95b353,1507,Tier_2,0,D_3ec01f
U_4051cf,282,Tier_2,0,D_af3db0
U_0c0729,353,Tier_3,0,D_9304fb
U_c78b5a,1602,Tier_2,0,D_59e285
U_5cd5a5,1230,Tier_1,0,D_bd1969
U_5c2bcd,122,Tier_2,0,D_062eef
U_da088b,3,Tier_1,0,D_FRAUD_999
U_f24940,1770,Tier_3,0,D_b3f431
U_52d66b,1729,Tier_3,0,D_b22247
U_444711,1300,Tier_2,0,D_8c8cfd
U_13d19d,1656,Tier_2,0,D_bf777c
U_f635b6,68,Tier_2,0,D_b87e77
U_1276da,921,Tier_3,0,D_d15b7d
U_c4a5b4,1411,Tier_2,0,D_82c68c
U_425b0c,1631,Tier_1,0,D_911d8f
U_51feb5,839,Tier_1,0,D_0ff4af
U_fc39f5,1653,Tier_3,0,D_52cd39
U_0cf8c9,199,Tier_1,0,D_19b838
U_f40e9e,1140,Tier_2,0,D_6e8a8f
U_e6d338,1422,Tier_2,0,D_9223a2
U_ec9c85,298,Tier_1,0,D_442267
U_16ebbe,1697,Tier_2,0,D_ded5cd
U_27c413,1420,Tier_2,0,D_502e42
U_9d5321,1071,Tier_3,0,D_1ad646
U_a857ca,1182,Tier_3,0,D_0e839d
U_5f8e6c,1482,Tier_1,0,D_c7b67c
U_b3d226,253,Tier_3,0,D_dafb79
U_3746cf,828,Tier_2,0,D_667d84
U_fcbb2b,1653,Tier_3,0,D_caa5d0
U_7b4ff3,1652,Tier_1,0,D_e8da15
U_9baec4,296,Tier_3,0,D_82c68c
U_1f9966,173,Tier_2,0,D_7557d6
U_811f3e,197,Tier_3,0,D_0b71fd
U_97a3f7,675,Tier_2,0,D_572f62
U_e15343,25,Tier_2,0,D_700d9f
U_26e8ad,947,Tier_2,0,D_bcfa3f
U_e13359,1492,Tier_2,0,D_6a3008
U_1a768e,422,Tier_2,0,D_851f18
U_205378,325,Tier_2,0,D_d0992a
U_f14685,778,Tier_1,0,D_f28088
U_da6ef9,919,Tier_3,0,D_962991
U_576a2c,1751,Tier_3,0,D_a3448f
U_c87128,39,Tier_1,0,D_bec3a7
U_c84023,566,Tier_1,0,D_e5691f
U_6554c3,1377,Tier_2,0,D_9816d1
U_b06d65,1713,Tier_3,0,D_139a71
U_ae9a9b,694,Tier_3,0,D_8f89ea
U_3b20c7,283,Tier_1,0,D_387d47
U_c33b32,203,Tier_1,0,D_eae44e
U_06f90d,1573,Tier_1,0,D_1ebf33
U_bedf01,793,Tier_2,0,D_304243
U_9b814d,1735,Tier_2,0,D_cbe700
U_7a4e66,16,Tier_3,0,D_524dc6
U_04254b,582,Tier_2,0,D_042d56
U_bc61b3,555,Tier_3,0,D_5b6372
U_65db99,938,Tier_2,0,D_7ff7fa
U_898747,334,Tier_2,0,D_e4280f
U_465eb1,1738,Tier_1,0,D_10d1ae
U_d3d2ae,138,Tier_2,0,D_887305
U_3e7641,1017,Tier_2,0,D_c770bd
U_d65a8b,1142,Tier_2,0,D_f7671b
U_c0c6c4,1177,Tier_1,0,D_42b3b7
U_f04078,57,Tier_2,0,D_322c97
U_579d8a,1213,Tier_2,0,D_d50d08
U_1494fa,265,Tier_2,0,D_dc6d93
U_55c19b,1419,Tier_3,0,D_cb511a
U_a4f7f2,1455,Tier_1,0,D_600b12
U_97ed84,1096,Tier_3,0,D_502dd2
U_6a6037,258,Tier_3,0,D_8e1cae
U_5ab4e1,61,Tier_3,0,D_09d4ef
U_ba98ae,204,Tier_2,0,D_3bdacb
U_cabdda,206,Tier_1,0,D_60c9cf
U_55b9ba,221,Tier_2,0,D_e02a5b
U_0874dc,1728,Tier_3,0,D_977179
U_849d66,470,Tier_3,0,D_622f4f
U_eab428,1125,Tier_2,0,D_5b63e7
U_559ef7,1795,Tier_1,0,D_3f26f4
U_f13a9a,576,Tier_3,0,D_3485c1
U_1a0570,999,Tier_2,0,D_ba2854
U_40aa8a,1375,Tier_3,0,D_045705
U_601317,163,Tier_1,0,D_dfcbe0
U_bf0d13,1254,Tier_3,0,D_6763aa
U_b3ae1f,954,Tier_1,0,D_efa869
U_ce6cad,1044,Tier_2,0,D_195b9e
U_b5403d,320,Tier_1,0,D_bd19ec
U_4fa19d,357,Tier_1,0,D_b8993c
U_ff472e,1667,Tier_1,0,D_17824f
U_d64028,418,Tier_2,0,D_cd523a
U_4ef2a5,140,Tier_2,0,D_c68726
U_40f004,1454,Tier_3,0,D_a2934f
U_802074,655,Tier_1,0,D_4d0951
U_086be6,362,Tier_2,0,D_406da5
U_ba9029,523,Tier_2,0,D_d0992a
U_806058,785,Tier_2,0,D_00510b
U_2f6890,9,Tier_2,0,D_e004f3
U_40d2d6,566,Tier_2,0,D_2978bf
U_261c70,386,Tier_2,0,D_aeb662
U_31a7ee,1054,Tier_2,0,D_76328a
U_a1b8e5,1786,Tier_3,0,D_d561ba
U_6cb454,664,Tier_1,0,D_71f7f3
U_671a0d,1612,Tier_2,0,D_f8bd5a
U_cf00f2,1394,Tier_3,0,D_700d9f
U_08e15a,1544,Tier_1,0,D_6e691f
U_40dc7c,141,Tier_3,0,D_572448
U_2f2ae1,1253,Tier_3,0,D_cc71f3
U_ab9615,1027,Tier_2,0,D_2d5a1b
U_44b531,1136,Tier_3,0,D_e569c1
U_ddd69c,234,Tier_2,0,D_8ca040
U_822746,1615,Tier_3,0,D_120b58
U_7ffe3d,304,Tier_2,0,D_43305d
U_fd8daf,1445,Tier_3,0,D_df087b
U_5102a6,228,Tier_2,0,D_abbfba
U_5f3a1b,698,Tier_2,0,D_8a75da
U_2e7d98,574,Tier_2,0,D_6c4a47
U_2a8257,1191,Tier_3,0,D_ced760
U_48a9c8,331,Tier_2,0,D_ef39c9
U_a53f9e,1151,Tier_1,0,D_28933d
U_60a2dd,1754,Tier_3,0,D_bf79b5
U_c05d4a,481,Tier_3,0,D_36219a
U_9ad735,1125,Tier_3,0,D_748271
U_cd809c,1638,Tier_2,0,D_6b4b12
U_65f188,1570,Tier_3,0,D_c19cd3
U_d3856b,819,Tier_3,0,D_9cbf12
U_94e775,28,Tier_2,0,D_4335d7
U_a9f9b9,1331,Tier_3,0,D_9ae8e7
U_c864db,466,Tier_2,0,D_25cfb1
U_6b0c93,865,Tier_2,0,D_b08c97
U_40adea,1276,Tier_2,0,D_667d84
U_b7ef3d,588,Tier_2,0,D_b15719
U_8a24d9,337,Tier_2,0,D_5916b9
U_ea9b38,555,Tier_2,0,D_017d6a
U_5fba21,873,Tier_3,0,D_05b6d5
U_d424e0,1193,Tier_2,0,D_3e9b8d
U_a59fae,1793,Tier_3,0,D_d236db
U_ffdb0a,1095,Tier_3,0,D_87ddcf
U_decb3c,982,Tier_2,0,D_bc5a23
U_b3832c,698,Tier_3,0,D_efa869
U_9ecc3f,1263,Tier_1,0,D_90b6aa
U_2f7cf8,179,Tier_3,0,D_3ad34c
U_4cea4d,1258,Tier_1,0,D_527451
U_174898,1095,Tier_3,0,D_13a12c
U_f5d604,1062,Tier_1,0,D_2170e3
U_7cebf2,1570,Tier_1,0,D_3452c3
U_5a5a26,762,Tier_2,0,D_404112
U_6da2a7,256,Tier_3,0,D_8f43cf
U_a2e40b,365,Tier_2,0,D_71657f
U_8bfcfe,1389,Tier_3,0,D_c9c314
U_28fdb9,510,Tier_1,0,D_55c1a5
U_36bf97,584,Tier_1,0,D_d9ac67
U_760fe9,44,Tier_2,0,D_691503
U_63f060,1492,Tier_2,0,D_a6e1ae
U_b71986,320,Tier_2,0,D_a65bec
U_559e42,400,Tier_3,0,D_2244ee
U_4eb21e,1121,Tier_2,0,D_fabe9a
U_95a0af,1016,Tier_3,0,D_a511de
U_00f0c8,1696,Tier_3,0,D_e1d7e1
U_180066,1219,Tier_1,0,D_aa1a29
U_24608e,1084,Tier_2,0,D_8db8df
U_0dd8cc,644,Tier_3,0,D_e283d9
U_2428cb,712,Tier_1,0,D_d4c835
U_20f4f0,858,Tier_3,0,D_70ed52
U_7ad2d4,831,Tier_2,0,D_f36f1d
U_7fa20e,30,Tier_3,0,D_b40034
U_42b216,219,Tier_1,0,D_9dc703
U_b2a3e2,732,Tier_3,0,D_c6ea66
U_f8a427,1102,Tier_3,0,D_4deeea
U_66d1d5,1603,Tier_2,0,D_cf4152
U_768eef,1295,Tier_2,0,D_261840
U_e4d212,1697,Tier_3,0,D_c3120b
U_78bfb0,490,Tier_3,0,D_e7d2a4
U_0992df,1746,Tier_2,0,D_54987e
U_5204ec,446,Tier_2,0,D_31f3a9
U_6fc878,395,Tier_3,0,D_00dce5
U_767770,915,Tier_2,0,D_ea1d42
U_f8864f,1343,Tier_3,0,D_ec1a73
U_5c4e1b,1160,Tier_2,0,D_328046
U_377a2b,1142,Tier_1,0,D_911d8f
U_7f8187,329,Tier_3,0,D_5e9cf6
U_9ca929,93,Tier_2,0,D_abbfba
U_268919,1013,Tier_2,0,D_6d6b46
U_0f7af5,1689,Tier_3,0,D_a0433d
U_2bbe9c,268,Tier_3,0,D_8f43cf
U_2b7255,1628,Tier_2,0,D_2244ee
U_9ef3e1,1022,Tier_2,0,D_64169b
U_41583f,1217,Tier_2,0,D_3cfa2b
U_d741eb,806,Tier_3,0,D_6faa13
U_3ccd66,505,Tier_2,0,D_9d6ff4
U_d174aa,864,Tier_3,0,D_a6f305
U_cb891e,1332,Tier_3,0,D_c0e4c0
U_a36443,810,Tier_2,0,D_475de1
U_7cccb2,358,Tier_2,0,D_4dc25f
U_91486d,838,Tier_1,0,D_376b9b
U_1d5cd5,683,Tier_2,0,D_4aa318
U_f9c873,154,Tier_1,0,D_837215
U_08a271,313,Tier_3,0,D_16c32b
U_084807,1625,Tier_2,0,D_61f8d1
U_9b06aa,642,Tier_2,0,D_f4ef06
U_21e07c,1098,Tier_2,0,D_3072dc
U_974715,300,Tier_2,0,D_508fcc
U_5e9133,101,Tier_3,0,D_e1f68b
U_7f0417,482,Tier_3,0,D_f7cd18
U_390bec,544,Tier_3,0,D_a2072b
U_9e5fb7,1467,Tier_3,0,D_24270f
U_dd8391,306,Tier_3,0,D_6c11a7
U_a004d8,1785,Tier_2,0,D_31bec4
U_c53217,599,Tier_3,0,D_532fa2
U_687021,327,Tier_3,0,D_3722b7
U_6acece,1445,Tier_3,0,D_5d5878
U_84ec33,475,Tier_3,0,D_645e18
U_fe7d94,1121,Tier_3,0,D_7fb012
U_465866,1750,Tier_2,0,D_c7b67c
U_8e0f31,536,Tier_3,0,D_459ee7
U_9efd50,1139,Tier_1,0,D_d38b2e
U_b68a7c,1653,Tier_3,0,D_5d5878
U_26199b,1505,Tier_3,0,D_5d6aee
U_aa8b7b,866,Tier_3,0,D_78e2e5
U_45507a,1625,Tier_2,0,D_354881
U_2b8b6f,1265,Tier_3,0,D_e1bd4c
U_63988b,1558,Tier_2,0,D_60ccd2
U_2ef65e,1075,Tier_2,0,D_cdc725
U_5d6eae,1289,Tier_2,0,D_6dfab8
U_06ca46,332,Tier_1,0,D_da3641
U_348063,705,Tier_2,0,D_34f2ef
U_c3667b,391,Tier_2,0,D_ef81a4
U_ee07bf,204,Tier_3,0,D_5ed0e4
U_5fa3d9,53,Tier_3,0,D_fbfe13
U_92e1a2,1454,Tier_2,0,D_5f049a
U_2e8edf,642,Tier_2,0,D_a14bd3
U_d57d2b,1679,Tier_2,0,D_5b2b08
U_d46a52,1637,Tier_3,0,D_d9014f
U_d32b9b,1363,Tier_1,0,D_02eec8
U_2f83fa,1594,Tier_2,0,D_a2ebfe
U_2c49ae,1469,Tier_3,0,D_70051f
U_f6c84a,1778,Tier_2,0,D_e70169
U_6b6559,589,Tier_1,0,D_bc5a23
U_ed12f2,1063,Tier_2,0,D_732b65
U_d99af1,139,Tier_3,0,D_4da769
U_a7281c,1035,Tier_2,0,D_0bbbe6
U_c9bbf0,921,Tier_2,0,D_01c424
U_ac93e4,632,Tier_1,0,D_a63e30
U_f00964,1698,Tier_1,0,D_045705
U_38e9f4,31,Tier_2,0,D_19c82d
U_2ff036,1683,Tier_3,0,D_f165f4
U_30ced8,1754,Tier_3,0,D_2ec540
U_7ab3e2,1147,Tier_2,0,D_948f52
U_9fd4e0,732,Tier_1,0,D_bbc781
U_cb619d,1423,Tier_1,0,D_9cc6fd
U_d50437,1704,Tier_1,0,D_492401
U_126316,989,Tier_2,0,D_621e06
U_3d5b05,576,Tier_2,0,D_fab067
U_370ed2,1736,Tier_3,0,D_a7ec22
U_f248b8,963,Tier_3,0,D_01c424
U_290d16,1184,Tier_1,0,D_9c63af
U_054efd,742,Tier_1,0,D_f812b6
U_463190,827,Tier_1,0,D_3bdacb
U_3621cb,1111,Tier_2,0,D_9bc006
U_663016,631,Tier_1,0,D_89fff9
U_f85141,464,Tier_2,0,D_71f7f3
U_b31c3d,177,Tier_2,0,D_f59eb7
U_7b98dc,1126,Tier_3,0,D_c634ab
U_a4391b,1223,Tier_3,0,D_319130
U_679721,291,Tier_3,0,D_0f89ba
U_44d8a9,1412,Tier_3,0,D_caa7b0
U_16835f,1187,Tier_3,0,D_8e093c
U_0bca31,704,Tier_2,0,D_aeef17
U_8eefd9,1500,Tier_2,0,D_5a8456
U_a1e64c,504,Tier_3,0,D_f7cd18
U_dac2db,1508,Tier_2,0,D_4de9cd
U_45d242,345,Tier_2,0,D_aa6e6e
U_e8a58e,676,Tier_3,0,D_d605ab
U_41a1ed,1160,Tier_3,0,D_2798cd
U_d9799a,1298,Tier_3,0,D_88017f
U_7a7152,672,Tier_2,0,D_60c9cf
U_4ce605,1111,Tier_1,0,D_3a04f2
U_fba6bf,351,Tier_2,0,D_987be6
U_6796bd,1088,Tier_3,0,D_0de2ce
U_1e6669,753,Tier_2,0,D_2998b4
U_249da3,1164,Tier_2,0,D_8d088c
U_1bb0eb,272,Tier_3,0,D_398f14
U_afbeed,306,Tier_2,0,D_c56438
U_6aee9b,746,Tier_3,0,D_930f2c
U_04de0d,645,Tier_3,0,D_c0372e
U_1c49e5,380,Tier_2,0,D_412e5f
U_ca728b,418,Tier_2,0,D_15a51a
U_db4589,649,Tier_3,0,D_ff46de
U_98db25,1057,Tier_1,0,D_4d04de
U_83add9,1591,Tier_2,0,D_6e1b4a
U_db4e44,1645,Tier_1,0,D_0603ec
U_d933cb,72,Tier_2,0,D_5de3b6
U_0a830c,75,Tier_2,0,D_78d9ea
U_f6a101,184,Tier_2,0,D_9ee0d6
U_11373e,1794,Tier_3,0,D_67e345
U_f44f50,698,Tier_2,0,D_f6735d
U_acf94b,825,Tier_3,0,D_480a67
U_d959a0,811,Tier_2,0,D_ffabe7
U_e3bcc4,1089,Tier_2,0,D_1ff5d1
U_9b72b8,484,Tier_2,0,D_1ff5d1
U_277712,1317,Tier_3,0,D_87ddcf
U_9cc275,1739,Tier_2,0,D_49fd2f
U_3f363d,1194,Tier_2,0,D_4e52ea
U_ae9328,1103,Tier_1,0,D_c6ea66
U_e3ba54,1050,Tier_1,0,D_0e37a1
U_d9c656,215,Tier_2,0,D_b8d41d
U_fe0d08,1540,Tier_2,0,D_209a37
U_2d1fbe,261,Tier_2,0,D_31dd6e
U_fc03ac,1296,Tier_3,0,D_bff3b9
U_ed7349,207,Tier_3,0,D_14cb02
U_76f941,583,Tier_3,0,D_d7be91
U_d600d7,1697,Tier_1,0,D_0705d9
U_484969,1206,Tier_2,0,D_5a0ecf
U_b91cc7,427,Tier_2,0,D_9b6732
U_16f0ad,1303,Tier_1,0,D_bf79b5
U_76b3b8,13,Tier_2,0,D_c2694b
U_e4b736,149,Tier_3,0,D_9570f9
U_422ef4,449,Tier_2,0,D_ce3dbf
U_5f34c2,1562,Tier_1,0,D_914bb4
U_80d402,1564,Tier_1,0,D_fe78d3
U_a9b6a5,1532,Tier_2,0,D_caf173
U_b6a253,1762,Tier_1,0,D_5adc44
U_84b82d,1447,Tier_2,0,D_5de3b6
U_ed3175,1515,Tier_2,0,D_ffad2e
U_f86e3d,1309,Tier_3,0,D_c475aa
U_9de794,1372,Tier_3,0,D_e965e2
U_44f71d,1519,Tier_2,0,D_76387d
U_f2c99a,928,Tier_2,0,D_e09a5c
U_289464,1007,Tier_2,0,D_3efca5
U_64a03d,243,Tier_3,0,D_48476e
U_8b753b,1151,Tier_1,0,D_6f0899
U_0f1790,419,Tier_3,0,D_aeb662
U_58d9aa,685,Tier_2,0,D_6ca4a0
U_7f9ced,1041,Tier_2,0,D_b64bbc
U_063b9c,1453,Tier_3,0,D_e2e4d5
U_2d67f5,432,Tier_2,0,D_2b00d6
U_c70efc,423,Tier_2,0,D_d27342
U_eec846,932,Tier_2,0,D_b09bd1
U_05e007,154,Tier_2,0,D_021454
U_c54b92,85,Tier_3,0,D_e2e4d5
U_d86e3b,983,Tier_3,0,D_d83b56
U_3b10ab,494,Tier_2,0,D_d6edc2
U_be0da9,137,Tier_2,0,D_9546f5
U_205f24,1631,Tier_1,0,D_fce5de
U_22d561,378,Tier_2,0,D_1300dc
U_a68f8c,1182,Tier_3,0,D_eace06
U_b9e249,602,Tier_3,0,D_987be6
U_715850,1636,Tier_2,0,D_d11727
U_de50ec,561,Tier_1,0,D_7afbe2
U_a45616,982,Tier_2,0,D_0c599b
U_b5df2d,268,Tier_2,0,D_ef703f
U_1d40f0,1729,Tier_2,0,D_d516a5
U_7473f1,1188,Tier_2,0,D_bc450b
U_54493f,681,Tier_1,0,D_59e285
U_62ccd5,78,Tier_2,0,D_780cf5
U_f51074,847,Tier_2,0,D_0ad56a
U_beaf6b,680,Tier_1,0,D_c04166
U_999afa,988,Tier_3,0,D_8ccdab
U_5f4ea8,672,Tier_2,0,D_66703d
U_b30ceb,283,Tier_3,0,D_593db2
U_0f998d,1008,Tier_2,0,D_86bff2
U_aa29f2,1164,Tier_3,0,D_851f18
U_3e24b1,1370,Tier_1,0,D_65e534
U_feb788,1640,Tier_2,0,D_5208fe
U_2f135c,1180,Tier_3,0,D_5958c5
U_001be1,1640,Tier_2,0,D_5e8e6f
U_33187d,1761,Tier_2,0,D_933ffb
U_ba25ff,1018,Tier_2,0,D_d90423
U_e4dd6d,1345,Tier_2,0,D_118b28
U_38987c,1147,Tier_2,0,D_99b5ec
U_ab5c59,1428,Tier_3,0,D_320ec5
U_c72e0e,148,Tier_3,0,D_4b0301
U_b51312,931,Tier_2,0,D_af7044
U_2a0941,1497,Tier_2,0,D_0c599b
U_dd5d59,219,Tier_2,0,D_369334
U_999918,834,Tier_3,0,D_7c9a2b
U_2312bb,409,Tier_3,0,D_a88830
U_48cbae,1062,Tier_2,0,D_88c571
U_bec3b2,1024,Tier_2,0,D_f03f7c
U_4e03a6,1501,Tier_2,0,D_bcfa3f
U_0369f0,53,Tier_3,0,D_2c79e2
U_c88c64,1107,Tier_2,0,D_49fd2f
U_a6e9c8,210,Tier_2,0,D_5c8336
U_88c887,176,Tier_1,0,D_0e202a
U_8ea799,1053,Tier_1,0,D_4272fa
U_505484,868,Tier_3,0,D_6da0f4
U_4fc581,253,Tier_1,0,D_bbc763
U_aa4477,1252,Tier_1,0,D_31c472
U_b8c610,1500,Tier_2,0,D_bd8d89
U_fd5d80,1380,Tier_2,0,D_92b634
U_3cc100,607,Tier_2,0,D_77d015
U_9b016c,512,Tier_2,0,D_4b48f6
U_3c5dfb,1475,Tier_2,0,D_d0c653
U_c3a98d,785,Tier_3,0,D_aa6e6e
U_edbf69,879,Tier_3,0,D_e91c16
U_120fb7,1427,Tier_2,0,D_b8d41d
U_e878d5,998,Tier_2,0,D_418d9c
U_a1cd96,1227,Tier_2,0,D_5b1639
U_db5fff,1273,Tier_2,0,D_cfc7c5
U_3cbcb4,748,Tier_2,0,D_00d8ff
U_4bf5d9,167,Tier_3,0,D_fb6272
U_0b048e,829,Tier_1,0,D_61232a
U_7c52f0,944,Tier_2,0,D_f57adb
U_673534,638,Tier_2,0,D_3f4edb
U_978a09,1711,Tier_2,0,D_7fd5b6
U_972fcd,959,Tier_2,0,D_6516bb
U_1a3dd7,748,Tier_1,0,D_fedd26
U_78e1f3,1798,Tier_1,0,D_969d75
U_e672d7,1140,Tier_3,0,D_1764d8
U_fec2c1,1492,Tier_1,0,D_8a890d
U_be1596,1004,Tier_3,0,D_88feca
U_a81eaf,1774,Tier_3,0,D_6dec74
U_2ceea9,1560,Tier_3,0,D_d7a3dc
U_61ee38,410,Tier_2,0,D_61232a
U_a4f7d6,248,Tier_1,0,D_553c8a
U_0e0558,1702,Tier_3,0,D_0dad84
U_267531,684,Tier_3,0,D_0ec442
U_f3ff82,1525,Tier_3,0,D_f4ef06
U_a342f3,1131,Tier_3,0,D_e469d2
U_797383,221,Tier_3,0,D_d11727
U_792873,1698,Tier_1,0,D_e31cbd
U_15d524,1191,Tier_2,0,D_66109a
U_8ea7e4,1368,Tier_3,0,D_cdabc4
U_abd5e0,1187,Tier_3,0,D_e004f3
U_0dfe9c,961,Tier_2,0,D_1cd10a
U_2fc974,1711,Tier_1,0,D_0a4205
U_7fda94,520,Tier_2,0,D_5adc44
U_a94ff2,101,Tier_2,0,D_f28088
U_2b4974,1131,Tier_2,0,D_0899a1
U_a33b1f,364,Tier_3,0,D_454f84
U_706d51,1226,Tier_3,0,D_339865
U_9c6f87,1739,Tier_3,0,D_e86007
U_0f83b8,474,Tier_2,0,D_400743
U_356fca,561,Tier_3,0,D_fe9617
U_cda51e,1445,Tier_2,0,D_7cb478
U_523fc5,875,Tier_2,0,D_7ff7fa
U_5e5d94,1454,Tier_1,0,D_ec1954
U_884996,994,Tier_3,0,D_bea897
U_4fa26e,993,Tier_2,0,D_bc891f
U_09358c,1447,Tier_2,0,D_467396
U_c6b695,358,Tier_1,0,D_fc3b5c
U_a59915,933,Tier_3,0,D_dc2363
U_8a0adb,421,Tier_1,0,D_839d71
U_368d92,204,Tier_3,0,D_61c66a
U_363f0b,1101,Tier_2,0,D_478cf8
U_7a1a48,809,Tier_3,0,D_f2024a
U_c28050,331,Tier_2,0,D_44d911
U_65bc4d,496,Tier_2,0,D_827be1
U_5c8fe3,428,Tier_1,0,D_7fd5b6
U_e70df1,1357,Tier_2,0,D_6e3c44
U_1f1186,1139,Tier_1,0,D_fe0921
U_1e676e,1777,Tier_3,0,D_9cff35
U_298fa3,1458,Tier_3,0,D_f03f7c
U_c7800b,735,Tier_1,0,D_aa79d7
U_1d1665,1004,Tier_3,0,D_e199a0
U_338a95,1746,Tier_3,0,D_562800
U_e2f331,1289,Tier_3,0,D_2de922
U_fc20fa,1604,Tier_1,0,D_5e8e6f
U_caa901,1297,Tier_2,0,D_f72cb5
U_4784b7,1094,Tier_2,0,D_9cbdf8
U_f52322,800,Tier_2,0,D_766385
U_0125a5,587,Tier_2,0,D_3f85b7
U_b0d312,512,Tier_3,0,D_772b0b
U_a7d6b8,1239,Tier_2,0,D_5e977e
U_6e138a,982,Tier_1,0,D_66a7b7
U_a0ec06,1565,Tier_2,0,D_c9e98f
U_98aae7,992,Tier_3,0,D_14871f
U_b07df9,1733,Tier_2,0,D_3e957c
U_5cb887,568,Tier_2,0,D_5f8d55
U_a50a31,1175,Tier_2,0,D_39d729
U_002291,1642,Tier_3,0,D_d0d3c1
U_b29784,1705,Tier_2,0,D_d41f4e
U_deadc8,284,Tier_1,0,D_942833
U_a7b490,657,Tier_3,0,D_f165f4
U_d526a2,1193,Tier_3,0,D_2e1d0e
U_6aff08,1689,Tier_3,0,D_9d4c13
U_d0e56c,1468,Tier_2,0,D_15f563
U_5e35e6,14,Tier_2,0,D_f57adb
U_146ef9,1084,Tier_3,0,D_b34bd0
U_423b2a,1535,Tier_2,0,D_14cb02
U_2ce38f,1719,Tier_1,0,D_9a07b9
U_eff9dc,39,Tier_3,0,D_17b363
U_a47845,417,Tier_1,0,D_86406c
U_013905,1687,Tier_2,0,D_f7671b
U_3ea35a,446,Tier_2,0,D_343b07
U_9384a0,235,Tier_2,0,D_6e8367
U_eb12d9,1737,Tier_3,0,D_be334c
U_dafd46,137,Tier_2,0,D_5aafb7
U_96b1b9,1023,Tier_2,0,D_ea1bf6
U_e5219c,1666,Tier_2,0,D_9ac6a8
U_e29e69,1766,Tier_3,1,D_cc71f3
U_09e17d,1433,Tier_2,0,D_fc05d6
U_d351c3,477,Tier_2,0,D_8a890d
U_07ec1e,166,Tier_2,0,D_c179aa
U_11d78c,1038,Tier_2,0,D_80ad80
U_72d6eb,767,Tier_1,0,D_40cfad
U_b58762,226,Tier_3,0,D_f25b9c
U_17bbcf,1234,Tier_2,0,D_e12711
U_786c6c,1325,Tier_2,0,D_ed5dc7
U_68b16a,388,Tier_2,0,D_e19ee1
U_af69b0,993,Tier_2,0,D_04f5c3
U_601b8b,1702,Tier_3,0,D_c780db
U_003f39,664,Tier_2,0,D_949572
U_1af676,1481,Tier_2,0,D_d06ddb
U_4b4846,180,Tier_3,0,D_442267
U_0cd0e6,473,Tier_3,0,D_edbe9b
U_f2371a,213,Tier_1,0,D_3472da
U_50ec49,1526,Tier_2,0,D_041f29
U_a371a0,279,Tier_2,0,D_1e6b29
U_6b2ae4,1342,Tier_2,0,D_77d30b
U_a2ef42,1727,Tier_1,0,D_75d89a
U_2870fc,1420,Tier_3,0,D_459ede
U_773022,581,Tier_2,0,D_d11e27
U_71cee5,958,Tier_1,0,D_63e38f
U_5fb010,1787,Tier_3,0,D_4f35c4
U_43c118,835,Tier_2,0,D_452df2
U_1a56af,401,Tier_2,0,D_250e92
U_45d64d,259,Tier_3,0,D_fd018c
U_f245f3,303,Tier_3,0,D_24f04a
U_a84666,1673,Tier_1,0,D_d603c4
U_1d8112,1784,Tier_3,0,D_7ca256
U_1ef8f3,723,Tier_2,0,D_1cfff3
U_f03dcc,1380,Tier_2,0,D_837215
U_51407a,517,Tier_3,0,D_322c97
U_b59fb4,358,Tier_3,0,D_927369
U_395cc7,812,Tier_3,0,D_12bfd6
U_142b90,1255,Tier_2,0,D_f4647c
U_ef6561,246,Tier_3,0,D_3fe113
U_cd4841,123,Tier_2,0,D_6b4b12
U_da4754,79,Tier_3,0,D_afeb9c
U_1850de,1491,Tier_2,0,D_54987e
U_7dc81d,539,Tier_2,0,D_fe5bf7
U_6514c9,1477,Tier_2,0,D_f3cf1b
U_10ef96,205,Tier_2,0,D_9ed3e5
U_0f5a91,1726,Tier_2,0,D_455399
U_27de7f,783,Tier_2,0,D_15f07e
U_c2c99b,795,Tier_2,0,D_3f62a4
U_27a2bd,686,Tier_2,0,D_949572
U_b52b6e,539,Tier_2,0,D_1c221c
U_3c6660,910,Tier_2,0,D_bf1a4f
U_7063e4,1619,Tier_1,0,D_58ea35
U_6ac1fc,1352,Tier_2,0,D_b15e90
U_753d0c,1554,Tier_2,0,D_e71e4c
U_6b61e8,176,Tier_3,0,D_78bd57
U_d7a973,901,Tier_2,0,D_e4280f
U_e74d09,1508,Tier_3,0,D_eace06
U_6b8b07,947,Tier_2,0,D_f679af
U_19887c,1508,Tier_1,0,D_fd71b7
U_c82742,511,Tier_2,0,D_5fd9ea
U_b7424d,1232,Tier_2,0,D_0931f1
U_84d7e2,664,Tier_2,0,D_0f3b6c
U_9f0aba,693,Tier_3,0,D_84cb13
U_69a6ed,1662,Tier_3,0,D_91db40
U_04199d,284,Tier_3,0,D_dbf4ae
U_896209,1392,Tier_2,0,D_70ed52
U_36e2eb,158,Tier_2,0,D_366373
U_077bb1,34,Tier_2,0,D_6e1b4a
U_5cbf6e,602,Tier_2,0,D_59af70
U_939658,1646,Tier_3,0,D_4ee7e3
U_580914,923,Tier_3,0,D_475de1
U_6dad82,1414,Tier_2,0,D_8b856e
U_e27c6a,1098,Tier_2,0,D_aa7de9
U_68b225,529,Tier_2,0,D_945558
U_679923,170,Tier_2,0,D_23b743
U_58952f,548,Tier_2,0,D_1ad646
U_e76cc8,644,Tier_3,0,D_041d8b
U_6cd84c,1272,Tier_2,0,D_02eec8
U_acb8ac,1464,Tier_2,0,D_b58e8d
U_33f462,1362,Tier_3,0,D_1efc44
U_fc0f4b,469,Tier_2,0,D_70ed52
U_3ed5a0,792,Tier_1,0,D_5de3b6
U_759972,194,Tier_3,0,D_5916b9
U_a8de5b,761,Tier_2,0,D_859924
U_28a5e2,1628,Tier_2,0,D_2dda84
U_c27cac,14,Tier_1,0,D_1574ce
U_589189,692,Tier_2,0,D_b3b0fe
U_5a8a86,50,Tier_1,0,D_54b69b
U_07fe67,1621,Tier_2,0,D_5916b9
U_e5b2a5,1074,Tier_3,0,D_bce625
U_56a1a4,956,Tier_1,0,D_cb3f97
U_2d2503,1731,Tier_2,0,D_5b6372
U_b89e84,16,Tier_3,0,D_24270f
U_c082b6,1228,Tier_2,0,D_cdcf99
U_ccfdd8,1355,Tier_2,0,D_df791a
U_efb756,77,Tier_2,0,D_fd5d68
U_bc141f,628,Tier_3,0,D_90ee24
U_d7aa65,819,Tier_1,0,D_176887
U_d8fab9,601,Tier_2,0,D_fbfe13
U_905eab,1606,Tier_1,0,D_afa9fb
U_d8d559,910,Tier_2,0,D_150a18
U_73ebf3,1441,Tier_3,0,D_b47576
U_7385f5,1216,Tier_2,0,D_cfe40d
U_d8f4db,401,Tier_2,0,D_e3c4bf
U_513b76,901,Tier_3,0,D_732b65
U_38107d,62,Tier_2,0,D_9a07b9
U_fc7b04,286,Tier_2,0,D_6e406b
U_1686f2,1220,Tier_2,0,D_c7d172
U_9cac4e,679,Tier_1,0,D_d7112d
U_6f8af2,1247,Tier_2,0,D_a3810c
U_e884b9,1146,Tier_1,0,D_3280e8
U_e0a613,229,Tier_2,0,D_6c4a47
U_958026,682,Tier_2,0,D_1fac78
U_a4e4f4,566,Tier_2,0,D_250e92
U_4c740e,1467,Tier_3,0,D_54e5cf
U_b0f240,1469,Tier_2,0,D_e1d7e1
U_b66179,1572,Tier_2,0,D_1316fb
U_5069cf,1491,Tier_2,0,D_0b1e92
U_ccdbe0,1467,Tier_2,0,D_19cc72
U_002450,1503,Tier_3,0,D_bee05b
U_7b5a2a,1730,Tier_3,0,D_b695f1
U_0ce301,1116,Tier_2,0,D_041d8b
U_690e68,407,Tier_2,0,D_84f3fb
U_3d1d34,647,Tier_1,0,D_24bbe5
U_b78c1c,913,Tier_3,0,D_501540
U_1fc86f,113,Tier_3,0,D_410fd4
U_f2886f,117,Tier_2,0,D_f50cec
U_2bff60,1411,Tier_2,0,D_89c324
U_eecca7,1316,Tier_3,0,D_7de9dd
U_12a378,1173,Tier_3,0,D_b9416b
U_8e7287,1656,Tier_2,0,D_06fdf2
U_eb18bc,1173,Tier_1,0,D_7e1283
U_bc89c4,350,Tier_2,0,D_dd449e
U_edf6d5,1728,Tier_1,0,D_eace06
U_5f68d0,767,Tier_1,0,D_8c9649
U_80f9fb,1072,Tier_2,0,D_5d3d4b
U_613abf,245,Tier_3,0,D_9b6732
U_9f54a0,603,Tier_2,0,D_f1ffdd
U_1e9a9b,1023,Tier_1,0,D_9793ab
U_fc6608,1762,Tier_3,0,D_32dcd4
U_941242,244,Tier_1,0,D_bd1260
U_2c0c7c,1512,Tier_1,0,D_0db5d2
U_66fa89,445,Tier_3,0,D_c93fa5
U_240b54,1257,Tier_1,0,D_07226b
U_d0727b,1107,Tier_3,0,D_382fd3
U_f2b1cb,1009,Tier_2,0,D_3bedd7
U_f52d86,1035,Tier_1,0,D_459ee7
U_ae8c48,1027,Tier_3,0,D_71f7f3
U_8eb19c,342,Tier_3,0,D_6dfa21
U_9ecaa0,1245,Tier_2,0,D_d20881
U_6937af,417,Tier_3,0,D_f05ab6
U_34fe57,1408,Tier_3,0,D_ae7e31
U_eb7bb8,1431,Tier_3,0,D_ded5cd
U_b16559,1023,Tier_2,0,D_2cf308
U_246be1,1165,Tier_1,0,D_da3641
U_76ae26,1697,Tier_1,0,D_15afee
U_a94ab7,115,Tier_2,0,D_c3cb48
U_5f3b2e,63,Tier_2,0,D_a7ed44
U_d7e6ee,1491,Tier_2,0,D_0c4c5b
U_8f68fc,1221,Tier_1,0,D_1df787
U_8a51e4,367,Tier_2,0,D_16121c
U_ccbcee,669,Tier_3,0,D_0419c8
U_908223,899,Tier_1,0,D_fd825b
U_35f270,1478,Tier_1,0,D_42b3b7
U_486f94,432,Tier_2,0,D_429646
U_3f1f9f,1187,Tier_2,0,D_971d13
U_762333,624,Tier_2,0,D_b90016
U_38eb3e,871,Tier_2,0,D_dafb79
U_aa1c92,808,Tier_2,0,D_1013e4
U_db0c12,524,Tier_3,0,D_475de1
U_d19bbf,280,Tier_2,0,D_f8bd5a
U_6175ac,600,Tier_2,0,D_06c872
U_873119,1742,Tier_1,0,D_5c8336
U_34614a,1752,Tier_2,0,D_5adc44
U_03972b,1137,Tier_2,0,D_80a9c6
U_06eb20,1114,Tier_3,0,D_d7112d
U_d46f92,1324,Tier_2,0,D_2978bf
U_b94c4f,629,Tier_2,0,D_6362ae
U_85d2a8,449,Tier_2,0,D_664214
U_a6663c,735,Tier_1,0,D_ee4aaf
U_8e7959,699,Tier_1,0,D_98a92d
U_e35538,1250,Tier_3,0,D_a511de
U_fb92da,419,Tier_2,0,D_e09a5c
U_f31f45,709,Tier_3,0,D_8f7e21
U_e7441b,1687,Tier_1,0,D_8db8df
U_c272fc,983,Tier_2,0,D_239c06
U_6560a5,1094,Tier_1,0,D_91db40
U_0925d3,996,Tier_2,0,D_d0666d
U_c3debb,530,Tier_3,0,D_2998b4
U_e157cd,1766,Tier_2,0,D_e0d9d9
U_745d4a,404,Tier_2,0,D_539bd2
U_dd3a82,476,Tier_3,0,D_99a115
U_5d14f1,1635,Tier_2,0,D_c56438
U_a78412,327,Tier_2,0,D_b11c95
U_428010,896,Tier_2,0,D_3426f5
U_f77726,1651,Tier_2,0,D_f074ef
U_838741,573,Tier_2,0,D_4272fa
U_00e059,852,Tier_2,0,D_4c9cd6
U_f03b9e,29,Tier_1,0,D_1bcf3a
U_35e628,879,Tier_3,0,D_1bf6ad
U_05577c,948,Tier_1,0,D_56e142
U_d9be55,1658,Tier_2,0,D_98f5c6
U_3538b4,637,Tier_2,0,D_ee381c
U_695b00,1238,Tier_2,0,D_9fd912
U_8046a3,1611,Tier_2,0,D_579008
U_8c86a1,125,Tier_2,0,D_3a5a81
U_19e2f9,625,Tier_2,0,D_977179
U_6ee5bc,1797,Tier_2,0,D_c4b7d1
U_27aca3,322,Tier_2,0,D_73f3c3
U_9bc85c,910,Tier_1,0,D_1c07a7
U_2f8baa,666,Tier_1,0,D_4dfa91
U_2bbcb3,1666,Tier_3,0,D_49f2c4
U_c8ad59,559,Tier_2,0,D_abc044
U_9f832e,1224,Tier_2,0,D_5338b5
U_a31127,452,Tier_2,0,D_501ba0
U_1bb5f7,1250,Tier_1,0,D_2872ce
U_d44a65,1471,Tier_2,0,D_5208fe
U_ae17ff,1203,Tier_2,0,D_d4c2d0
U_5d3054,1634,Tier_3,0,D_cb255d
U_09dfd2,478,Tier_3,0,D_fdc67a
U_5f64bf,1505,Tier_2,0,D_d3ef0a
U_bb1b23,211,Tier_2,0,D_4ee7e3
U_d5d4c7,1639,Tier_2,0,D_9bcf39
U_6a7de6,661,Tier_3,0,D_f6735d
U_e4bb65,621,Tier_2,0,D_27973a
U_ee9267,944,Tier_2,0,D_fce4ba
U_30ad48,960,Tier_1,0,D_35239e
U_01e12f,637,Tier_1,0,D_973f0d
U_763754,648,Tier_2,0,D_a5d399
U_44367e,412,Tier_2,0,D_1013e4
U_11f543,904,Tier_2,0,D_abc77c
U_ceafb3,1154,Tier_2,0,D_9816d1
U_ec7b66,202,Tier_2,0,D_676681
U_395029,1352,Tier_2,0,D_0705d9
U_572a6f,627,Tier_3,0,D_c0b2cc
U_72cfcf,1509,Tier_2,0,D_3dafc8
U_92da3d,970,Tier_1,0,D_ffad2e
U_3107ed,1581,Tier_1,0,D_409cf8
U_ca7ab1,1226,Tier_3,0,D_95a10e
U_0b5b17,364,Tier_2,0,D_c27b33
U_b0ba12,325,Tier_2,0,D_4f33fb
U_27ffb0,246,Tier_2,0,D_92b634
U_b1e175,3,Tier_2,0,D_FRAUD_999
U_80075b,153,Tier_2,0,D_ba1365
U_e3a89f,1705,Tier_3,0,D_b30931
U_6bf246,54,Tier_2,0,D_d9cd1e
U_40948f,1029,Tier_2,0,D_9b70b7
U_e617d1,1769,Tier_2,0,D_c656df
U_766929,996,Tier_3,0,D_231cb7
U_c02468,1799,Tier_3,0,D_a8d976
U_ef998c,919,Tier_2,0,D_5f8d55
U_1a23b1,1330,Tier_3,0,D_05120c
U_cd1174,300,Tier_1,0,D_7011c5
U_fc4d29,338,Tier_2,0,D_886c6d
U_93c76c,1656,Tier_3,0,D_06ecd0
U_64dc80,411,Tier_3,1,D_d652db
U_849a33,782,Tier_3,0,D_44cf60
U_83be3c,98,Tier_2,0,D_f3cf1b
U_0eb43b,1585,Tier_3,0,D_5e9cf6
U_0c2f23,1583,Tier_3,0,D_38d58a
U_f27b88,983,Tier_3,0,D_f06288
U_73a1cc,343,Tier_3,0,D_c21c21
U_f74763,240,Tier_2,0,D_1b7952
U_19c3c9,919,Tier_1,0,D_f179ed
U_405d31,1367,Tier_3,0,D_e02dd9
U_7b28d8,1154,Tier_2,0,D_bf97ed
U_2fb84c,1795,Tier_1,0,D_fe0bb9
U_f385ce,1230,Tier_2,0,D_b3b0fe
U_44dd02,1413,Tier_1,0,D_579008
U_ff961d,926,Tier_2,0,D_5e341e
U_7045a3,475,Tier_2,0,D_0705d9
U_30474a,634,Tier_3,0,D_1401c0
U_04f103,1703,Tier_2,0,D_ab6c3c
U_b7c13a,319,Tier_2,0,D_c1b6b4
U_096218,1778,Tier_2,0,D_fbcbe2
U_0cc769,23,Tier_2,0,D_ffc4e9
U_887f9d,294,Tier_2,0,D_20af53
U_734950,982,Tier_3,0,D_5b23da
U_57f3d5,984,Tier_1,0,D_d652db
U_1f5b2b,895,Tier_2,0,D_6c11a7
U_d3ede2,1290,Tier_3,0,D_b4ddbd
U_1ffdc6,1612,Tier_1,0,D_9c63af
U_0319be,56,Tier_2,0,D_fffc90
U_f5ac1d,1727,Tier_1,0,D_ffc427
U_8803f6,1214,Tier_2,0,D_a55a7c
U_135c02,864,Tier_3,0,D_4d152a
U_15f088,23,Tier_1,0,D_890351
U_c063e3,407,Tier_3,0,D_19c82d
U_41fe56,911,Tier_3,0,D_460acd
U_aa151c,235,Tier_3,0,D_6c1d13
U_0cc12d,676,Tier_3,0,D_dd449e
U_8732a1,1331,Tier_2,0,D_261840
U_c21216,16,Tier_1,0,D_3392e1
U_b524a2,393,Tier_1,0,D_e0dd50
U_7dfcfd,1093,Tier_3,0,D_caa7b0
U_f800f3,1568,Tier_3,0,D_e97be4
U_25104b,1491,Tier_2,0,D_5716e5
U_479b7e,760,Tier_2,0,D_15ed4d
U_c50dfd,435,Tier_2,0,D_c780db
U_ec41a9,923,Tier_3,0,D_c5de98
U_7af1b0,91,Tier_1,0,D_33cb0b
U_a541d5,1618,Tier_2,0,D_5e9cf6
U_7e6236,249,Tier_3,0,D_c47ea3
U_9e3e18,1525,Tier_2,0,D_e3eaae
U_5ef449,13,Tier_1,0,D_3a19a0
U_a86083,50,Tier_3,0,D_2a38a7
U_68a2e3,335,Tier_2,0,D_fca341
U_d6f701,1316,Tier_3,0,D_4aa318
U_2e0f52,945,Tier_3,0,D_0bbbe6
U_bb13b2,1603,Tier_2,0,D_d96715
U_e961b2,1583,Tier_2,0,D_d9014f
U_cb31e6,601,Tier_2,0,D_535f31
U_86d705,748,Tier_3,0,D_6d6b46
U_513b73,376,Tier_3,0,D_322c97
U_180de1,326,Tier_2,0,D_e67c8e
U_6cf85b,495,Tier_1,0,D_94a1bd
U_61b1df,51,Tier_3,0,D_059741
U_dbeffe,253,Tier_3,0,D_603139
U_8b4c22,336,Tier_3,0,D_1fac78
U_b9c036,571,Tier_2,0,D_faa352
U_5f0e14,612,Tier_2,0,D_9a4481
U_ed04d1,1454,Tier_3,0,D_fab067
U_706818,91,Tier_2,0,D_31afb6
U_c52943,163,Tier_1,0,D_d6d6a3
U_2c5691,993,Tier_2,0,D_42daa1
U_14c418,604,Tier_2,0,D_f72126
U_2898ac,869,Tier_3,0,D_5a1dd8
U_47618e,1062,Tier_1,0,D_69beb3
U_7d276d,809,Tier_1,0,D_f0e4f3
U_ee78d5,948,Tier_3,0,D_a04a05
U_1f737a,1236,Tier_2,0,D_3dbebc
U_a5a343,930,Tier_2,0,D_210a52
U_073bf5,489,Tier_3,0,D_1e6b29
U_9e9a9e,19,Tier_3,0,D_3d056d
U_c96989,104,Tier_1,0,D_92d858
U_257edc,1718,Tier_2,0,D_887305
U_fd9f46,1374,Tier_2,0,D_703d4e
U_20b8da,864,Tier_2,0,D_412e5f
U_ac828c,1183,Tier_2,0,D_676681
U_7239b5,465,Tier_2,0,D_7290a9
U_6574bf,1639,Tier_1,0,D_a28564
U_5e9a9c,936,Tier_2,0,D_fe5b34
U_7c8de9,245,Tier_2,0,D_a65bec
U_fe8c1e,757,Tier_2,0,D_fd1edf
U_523b0b,1457,Tier_2,0,D_3008bf
U_5bec6f,1139,Tier_2,0,D_9816d1
U_fb9b3b,494,Tier_2,0,D_fb8937
U_47f782,1536,Tier_2,0,D_bbc781
U_ea6cf4,1094,Tier_3,0,D_99d17d
U_0f37c9,1067,Tier_3,0,D_696046
U_b13937,376,Tier_2,0,D_25cfb1
U_c97300,894,Tier_3,0,D_2aaf40
U_aa87bb,312,Tier_1,0,D_7dc287
U_590595,346,Tier_2,0,D_78ec67
U_3d15a2,1398,Tier_1,0,D_0a2df7
U_e27dde,1642,Tier_3,0,D_7b9591
U_09128b,416,Tier_3,0,D_0d720f
U_3b5b00,1632,Tier_1,0,D_b11c95
U_80e51e,843,Tier_3,0,D_1a5a57
U_c29b00,1022,Tier_3,0,D_15a51a
U_9b7a69,1468,Tier_1,0,D_4c3d41
U_57a696,1018,Tier_3,0,D_71e952
U_8f7aa6,1547,Tier_1,0,D_17b363
U_33223a,257,Tier_2,0,D_8c16e4
U_da07a8,617,Tier_1,0,D_aa2e05
U_4bfbf8,486,Tier_2,0,D_f16aff
U_22c35f,84,Tier_2,0,D_e3e170
U_6fd760,1450,Tier_3,0,D_8f89ea
U_70a175,215,Tier_3,0,D_b71da1
U_03fe34,1213,Tier_2,0,D_aa6e6e
U_c50e61,345,Tier_1,0,D_97ae00
U_f71c69,1076,Tier_1,0,D_33e94a
U_8c86bf,1087,Tier_2,0,D_9b70b7
U_6d586f,716,Tier_3,0,D_e68bfb
U_50525c,198,Tier_2,0,D_17210e
U_1cd181,1673,Tier_1,0,D_d7f7de
U_86d82c,1696,Tier_2,0,D_d452f0
U_7c3ef1,1315,Tier_3,0,D_e1a31c
U_cc702b,1447,Tier_3,0,D_b695f1
U_c22ed3,1792,Tier_3,0,D_a077ec
U_de46ed,474,Tier_2,0,D_a559a3
U_6382fd,784,Tier_2,0,D_db3d99
U_1a3a5a,799,Tier_2,0,D_286b59
U_d8dd2e,964,Tier_1,0,D_dc6c1c
U_a89db8,1670,Tier_2,0,D_1cd28e
U_a425fb,410,Tier_3,0,D_ef5a90
U_986712,522,Tier_1,0,D_5f2ecd
U_b892fa,652,Tier_3,0,D_f679af
U_498a38,40,Tier_3,0,D_4e52ea
U_49c771,751,Tier_1,0,D_7e9e4d
U_e063c2,1724,Tier_3,0,D_38ceb8
U_806df9,1005,Tier_2,0,D_70051f
U_978dab,628,Tier_3,0,D_8677dc
U_36b357,703,Tier_2,0,D_136bd2
U_a71040,760,Tier_3,0,D_3729e2
U_bba140,610,Tier_1,0,D_d70517
U_937e8c,1407,Tier_3,0,D_abc77c
U_1c05ea,200,Tier_2,0,D_94d362
U_5b6afc,787,Tier_3,0,D_e19ee1
U_31c8d2,383,Tier_2,0,D_5b63e7
U_51e494,1351,Tier_1,0,D_667a53
U_ce9dc9,1164,Tier_1,0,D_544b19
U_4e2281,1323,Tier_3,0,D_64ac02
U_06dd2a,1324,Tier_1,0,D_20572b
U_5a3a06,582,Tier_3,0,D_96d872
U_066275,111,Tier_3,0,D_c5162d
U_ac4e05,812,Tier_2,0,D_62c906
U_1641ec,1484,Tier_3,0,D_048869
U_15c27a,1525,Tier_2,0,D_38ec8f
U_6d1c80,646,Tier_2,0,D_f03f7c
U_3e1df9,845,Tier_3,0,D_4d0087
U_6fa23c,1491,Tier_3,0,D_b15e90
U_e7f4ee,1539,Tier_1,0,D_c27b33
U_64e7fd,1528,Tier_2,0,D_277d82
U_bfb439,801,Tier_3,0,D_4d0951
U_256642,195,Tier_1,0,D_e31cbd
U_05f859,1082,Tier_3,0,D_fb9d03
U_9bae9e,260,Tier_2,0,D_7be28b
U_737b7b,537,Tier_2,0,D_d1ebbe
U_8f8bbd,1302,Tier_1,0,D_20364b
U_45d0e1,1246,Tier_2,0,D_fd5f61
U_ab9330,1325,Tier_2,0,D_560527
U_b88a52,677,Tier_3,0,D_7645e2
U_1dcd59,858,Tier_3,0,D_d650b1
U_039786,1198,Tier_3,0,D_56f09a
U_53394f,134,Tier_2,0,D_38ec8f
U_510c72,1614,Tier_2,0,D_be7da5
U_91d9fc,1167,Tier_2,0,D_65dfc8
U_7aec1f,1409,Tier_1,0,D_7ecb63
U_aedd24,1241,Tier_3,0,D_8cd5ac
U_1fa3fa,866,Tier_1,0,D_cbdc5a
U_46fffe,19,Tier_3,0,D_63e48d
U_66e7a0,1438,Tier_3,0,D_e8287b
U_d5eecd,196,Tier_1,0,D_99eb88
U_c4682a,1081,Tier_3,0,D_85eed1
U_74aeac,1658,Tier_2,0,D_aa79d7
U_d4c2ea,908,Tier_3,0,D_c7e965
U_553b71,1078,Tier_2,0,D_fc05d6
U_a153fe,422,Tier_2,0,D_6da0f4
U_5c29ae,233,Tier_2,0,D_352e1a
U_57f244,1237,Tier_1,0,D_79102d
U_b1d627,822,Tier_2,0,D_fce4ba
U_245001,797,Tier_2,0,D_59e285
U_dfc814,427,Tier_2,0,D_afb199
U_7a7a38,859,Tier_3,0,D_d5f48f
U_04806f,882,Tier_2,0,D_aecd53
U_e9d9d7,712,Tier_2,0,D_89fff9
U_49188a,141,Tier_2,0,D_70b90d
U_f1a796,142,Tier_3,0,D_cc0b7e
U_e4ffaf,1411,Tier_2,0,D_fe21d5
U_5dead8,345,Tier_3,0,D_7ecde8
U_1e6acc,665,Tier_3,0,D_ef81a4
U_89cefa,1439,Tier_3,0,D_676448
U_ed023c,1523,Tier_2,0,D_2398f8
U_228703,779,Tier_2,0,D_5ced0a
U_f5f092,742,Tier_2,0,D_bd8d89
U_8a0dcf,522,Tier_3,0,D_7b4fea
U_dc93c4,254,Tier_3,0,D_75d89a
U_bd9639,193,Tier_3,0,D_08c95d
U_8e6108,353,Tier_3,0,D_1aa2c2
U_34694e,666,Tier_3,0,D_120b58
U_cf0b7c,1038,Tier_2,0,D_9d9bdb
U_10dcf2,1480,Tier_3,0,D_3f8031
U_50325f,701,Tier_3,0,D_1154a3
U_769fe6,819,Tier_3,0,D_726ea3
U_bf9135,476,Tier_3,0,D_aa6e6e
U_ac2b13,1312,Tier_2,0,D_dc91e5
U_1d8f67,143,Tier_1,0,D_ed746e
U_e3e2ec,1061,Tier_2,0,D_cd523a
U_7998b5,936,Tier_2,0,D_6e9c18
U_c9bc46,705,Tier_2,0,D_5338b5
U_322c6a,820,Tier_2,0,D_5f0d06
U_c44202,635,Tier_2,0,D_fe0921
U_9f9975,1468,Tier_2,0,D_ad01a8
U_165dca,1758,Tier_1,0,D_07d9f7
U_a12380,5,Tier_1,0,D_5ca899
U_74b7eb,926,Tier_3,0,D_7cbb82
U_9e4bae,15,Tier_3,0,D_3c278b
U_35b6ca,624,Tier_3,0,D_8a75da
U_9f915e,896,Tier_2,0,D_618ea4
U_83719c,1474,Tier_1,0,D_9ed3e5
U_bf3628,218,Tier_2,0,D_62349a
U_c622d9,1228,Tier_2,0,D_4b0e66
U_94fad1,703,Tier_2,0,D_45725f
U_bcc1e7,361,Tier_3,0,D_0d720f
U_761fd6,170,Tier_1,0,D_8156da
U_4a2685,1704,Tier_3,0,D_933318
U_d92273,1599,Tier_2,0,D_efa869
U_a9f144,83,Tier_3,0,D_c448f9
U_fb83bd,786,Tier_2,0,D_719d69
U_c4e2e8,1220,Tier_2,0,D_03b1a6
U_2b1fee,1670,Tier_2,0,D_e4531f
U_7c8453,588,Tier_2,0,D_6efe51
U_3a0598,741,Tier_2,0,D_4f206e
U_1acce3,719,Tier_3,0,D_c780db
U_b12ed3,355,Tier_2,0,D_14cb02
U_a4294e,165,Tier_2,0,D_86dc1c
U_aa4546,1176,Tier_2,0,D_4da769
U_70220f,1449,Tier_1,0,D_5686fe
U_287a6b,1514,Tier_1,0,D_99b258
U_88db59,1100,Tier_2,0,D_b1a7b3
U_e8cfff,116,Tier_3,0,D_c31868
U_59cdea,1338,Tier_1,0,D_17210e
U_0df3ed,35,Tier_2,0,D_f3b28e
U_e8a4ab,1382,Tier_1,0,D_afe3f4
U_a2f1fd,1350,Tier_3,0,D_bc81eb
U_24e2e8,825,Tier_3,0,D_894202
U_795ecc,25,Tier_2,0,D_ff37db
U_914289,954,Tier_2,0,D_b0ce94
U_f9794c,1796,Tier_2,0,D_dc3aef
U_2b9f6d,293,Tier_2,0,D_e383a9
U_424944,478,Tier_2,0,D_1d5aac
U_79e464,1738,Tier_3,0,D_da06ea
U_b379fc,1427,Tier_2,0,D_edbe9b
U_f72e3b,1483,Tier_3,0,D_8f89ea
U_92f829,370,Tier_3,0,D_886a4f
U_d0a245,728,Tier_3,0,D_dc59fd
U_7902f9,1344,Tier_3,0,D_db3d99
U_ba05a6,1324,Tier_1,0,D_1147a7
U_a28f03,88,Tier_2,0,D_caf65f
U_174d7e,886,Tier_2,0,D_540d14
U_d2a664,1252,Tier_2,0,D_a1c024
U_9b5cbb,366,Tier_2,0,D_0e8051
U_2b57ed,424,Tier_3,0,D_5adc44
U_a5ef1d,1226,Tier_1,0,D_492401
U_e1d21b,1022,Tier_2,0,D_0c2b18
U_257517,761,Tier_2,0,D_46f63e
U_d424f5,980,Tier_3,0,D_f077f9
U_787108,1024,Tier_2,0,D_91bb39
U_52a792,93,Tier_3,0,D_d29113
U_44599a,356,Tier_2,0,D_54afd7
U_3df140,1404,Tier_3,0,D_c5682c
U_19aefa,301,Tier_1,0,D_ee8d1b
U_886184,735,Tier_1,0,D_da3641
U_8e86ba,1161,Tier_2,0,D_3e957c
U_136ccd,773,Tier_3,0,D_345211
U_6026b5,1130,Tier_2,0,D_fca341
U_07e255,194,Tier_2,0,D_b58e8d
U_8dd319,103,Tier_1,0,D_16c32b
U_b2dc3a,687,Tier_2,0,D_03379e
U_5373a6,661,Tier_3,0,D_ef58d0
U_ad9f14,3,Tier_2,0,D_FRAUD_999
U_2c7e61,1274,Tier_2,0,D_478f74
U_a19609,1135,Tier_2,0,D_cdcf99
U_1bf59b,523,Tier_2,0,D_9e02a0
U_1d0624,506,Tier_1,0,D_c56438
U_920b59,944,Tier_1,0,D_081944
U_810571,715,Tier_2,0,D_797db2
U_1624a5,1444,Tier_2,0,D_dcf25a
U_6f5044,829,Tier_3,0,D_cfe40d
U_a9648c,1074,Tier_2,0,D_58ea35
U_359453,868,Tier_2,0,D_8b856e
U_7aaa94,1120,Tier_3,0,D_1e52d1
U_b88882,581,Tier_3,0,D_b67ada
U_5d30a3,1086,Tier_1,0,D_0e7ab6
U_9b3e14,141,Tier_3,0,D_aa61b8
U_976445,1486,Tier_3,0,D_e7bf9a
U_6d9c17,959,Tier_3,0,D_8b2a6d
U_0f44a2,1233,Tier_2,0,D_9f651a
U_dc3c45,860,Tier_3,0,D_94a1bd
U_6f26bd,485,Tier_2,0,D_c73968
U_5a178a,1082,Tier_3,0,D_30e1ef
U_933f71,1632,Tier_2,0,D_5b23da
U_e3d6d5,1633,Tier_3,0,D_ece0ca
U_d99fdf,753,Tier_2,0,D_aa2e05
U_3dd9cc,1041,Tier_1,0,D_3aa063
U_c59676,987,Tier_3,0,D_352e1a
U_4f4109,1361,Tier_2,0,D_be3083
U_c894c8,1230,Tier_1,0,D_827be1
U_9345ce,1443,Tier_2,0,D_3f55ba
U_5294cb,1251,Tier_2,0,D_f5b7a1
U_30c06c,1063,Tier_2,0,D_f5b7a1
U_21eaf5,239,Tier_3,0,D_6d11d4
U_ddc966,218,Tier_2,0,D_535f31
U_b2c2e8,715,Tier_1,0,D_439ba4
U_73db56,1179,Tier_2,0,D_9304fb
U_193581,135,Tier_2,0,D_7eb6e6
U_242886,1093,Tier_3,0,D_92d858
U_6808bb,10,Tier_1,0,D_40bde0
U_0f81df,747,Tier_2,0,D_f301de
U_d195a6,1106,Tier_2,0,D_1778f7
U_9f3e69,531,Tier_3,0,D_277d82
U_1a1185,984,Tier_2,0,D_20572b
U_4f6fef,1653,Tier_2,0,D_0fe780
U_7bd580,701,Tier_3,0,D_2bc1e0
U_8591d4,1781,Tier_3,0,D_ca6e14
U_13aeda,182,Tier_2,0,D_f84473
U_d0ce0b,1030,Tier_1,0,D_e29c95
U_cb20ac,558,Tier_2,0,D_0a69a6
U_c1c476,1641,Tier_3,0,D_ef8876
U_af22a8,684,Tier_2,0,D_d3c998
U_e6d645,411,Tier_2,0,D_ff3aa6
U_569a89,1343,Tier_1,0,D_9a31cf
U_fe6f56,333,Tier_2,0,D_b9a855
U_e9fb4a,1692,Tier_2,0,D_6a3008
U_1811b8,453,Tier_3,0,D_a63325
U_d6dbea,1741,Tier_2,0,D_3e60f9
U_d59119,1364,Tier_3,0,D_89f605
U_99b21b,340,Tier_2,0,D_714511
U_0a8e3d,1311,Tier_3,0,D_b0ce94
U_4a92bf,520,Tier_1,0,D_497776
U_b78489,148,Tier_2,0,D_e517c9
U_b61978,193,Tier_3,0,D_caf173
U_bfca70,1023,Tier_2,0,D_430496
U_80c701,274,Tier_3,0,D_890491
U_ea1d88,629,Tier_1,0,D_efa869
U_4ed05d,938,Tier_2,0,D_387d47
U_4dd5be,253,Tier_3,0,D_5040c7
U_20313b,1189,Tier_1,0,D_6dfab8
U_57e888,1744,Tier_3,0,D_e4d975
U_7c93dd,1288,Tier_2,0,D_f977af
U_7b0ad9,307,Tier_2,0,D_d52120
U_e308aa,622,Tier_2,0,D_69beb3
U_aa4e6f,1274,Tier_1,0,D_3de57c
U_22b426,1429,Tier_3,0,D_a6f305
U_1bf8fc,1271,Tier_1,0,D_381eb2
U_226164,116,Tier_2,0,D_7df8d9
U_11e1ab,63,Tier_1,0,D_d6bb72
U_d0cc39,47,Tier_3,0,D_f64c51
U_06a84d,1270,Tier_2,0,D_8c4d72
U_40e0ba,475,Tier_3,0,D_7ecb63
U_928a82,1438,Tier_2,0,D_aa37e5
U_f037b4,1122,Tier_1,0,D_51a24b
U_70cae0,150,Tier_2,0,D_4c0fff
U_12f817,1300,Tier_1,0,D_315be3
U_a40ab8,32,Tier_1,0,D_2efca2
U_c06a55,1128,Tier_2,0,D_fb9899
U_d1791c,1231,Tier_2,0,D_3b9e9c
U_270a53,180,Tier_1,0,D_bf78bf
U_a448b8,1459,Tier_3,0,D_6faa13
U_aaa652,1600,Tier_2,0,D_c1b6b4
U_8790ad,722,Tier_3,0,D_2f6fc6
U_1936bc,564,Tier_1,0,D_4e52ea
U_0329b1,1544,Tier_1,0,D_64ff9b
U_c2e442,1183,Tier_2,0,D_1cd28e
U_d4b676,373,Tier_2,0,D_ff75c1
U_ed5e01,585,Tier_1,0,D_838c31
U_5bf9b9,423,Tier_2,0,D_af3db0
U_2df840,687,Tier_2,0,D_fc05d6
U_f1c423,1308,Tier_2,0,D_c13fe6
U_010298,1323,Tier_2,0,D_ec1954
U_facaa2,708,Tier_3,0,D_8e5dcc
U_763b92,1413,Tier_2,0,D_a324f6
U_0a539c,615,Tier_2,0,D_dc6c1c
U_d3394f,257,Tier_3,0,D_36613e
U_62bd8f,320,Tier_2,0,D_b444e6
U_e9646f,1292,Tier_2,0,D_3742a3
U_4c07aa,1063,Tier_2,0,D_7c47dc
U_a5a7ff,1239,Tier_2,0,D_1756b8
U_4abcb1,108,Tier_2,0,D_b34363
U_704ae0,680,Tier_2,0,D_1cd99e
U_7e6c14,185,Tier_2,0,D_17cf4c
U_a43d2b,1634,Tier_2,0,D_35889d
U_e7ea82,168,Tier_2,0,D_0b4748
U_d57d49,377,Tier_2,0,D_9666a2
U_2ee679,1043,Tier_2,0,D_fce5de
U_c7ed34,361,Tier_1,0,D_471718
U_63a645,806,Tier_2,0,D_cebcd9
U_e0d4c8,1096,Tier_2,0,D_026e56
U_73e0ed,1281,Tier_1,0,D_3c2a33
U_a4e341,857,Tier_1,0,D_bd1969
U_4e206e,1191,Tier_1,0,D_e383a9
U_f3f2b4,574,Tier_1,0,D_4aa318
U_b459a5,15,Tier_2,0,D_3b9e9c
U_52b187,146,Tier_3,0,D_4134dc
U_6a96b5,1012,Tier_1,0,D_fe2b29
U_c37429,1050,Tier_2,0,D_0dad84
U_18e1c8,1556,Tier_2,0,D_f73081
U_3c8efa,91,Tier_2,0,D_abc044
U_b1f6bb,469,Tier_2,0,D_f117a0
U_569d3b,243,Tier_1,0,D_729f7a
U_eb66e5,1734,Tier_2,0,D_c783f8
U_d106c9,974,Tier_3,0,D_c7d793
U_973e1d,273,Tier_1,0,D_3280e8
U_60890e,216,Tier_3,0,D_535f31
U_34dbca,1152,Tier_3,0,D_69ade7
U_f0c52b,591,Tier_2,0,D_507d51
U_1e95e7,1560,Tier_2,0,D_baf32d
U_12bd8c,1479,Tier_2,0,D_9ab7d9
U_bb86d9,1372,Tier_3,0,D_31ce0d
U_46d8ac,724,Tier_1,0,D_981ca0
U_311298,403,Tier_1,0,D_659a00
U_349081,310,Tier_2,0,D_1e6e34
U_ea37f5,353,Tier_3,0,D_3f62a4
U_fcb96b,718,Tier_3,0,D_d7be91
U_3c8b7d,619,Tier_3,0,D_21f91a
U_40043d,855,Tier_2,0,D_0931f1
U_449ea0,870,Tier_3,0,D_aa94c6
U_adcb62,915,Tier_1,0,D_efc080
U_fd0c97,841,Tier_2,0,D_b12b0f
U_70651a,1116,Tier_2,0,D_0ea7b7
U_d9da84,1052,Tier_3,0,D_0c0b17
U_b78492,450,Tier_1,0,D_d62b11
U_f65d71,1110,Tier_2,0,D_bf97ed
U_9f8ffb,574,Tier_2,0,D_851f18
U_474a0b,1724,Tier_3,0,D_3f394b
U_e5402f,1537,Tier_1,0,D_7c9144
U_f80194,1561,Tier_3,0,D_d6af55
U_69b311,58,Tier_3,0,D_16b967
U_2e6da8,757,Tier_3,0,D_1b9c10
U_b3f234,47,Tier_3,0,D_87b1bc
U_4f3744,1253,Tier_3,0,D_8f7e21
U_da80b8,1373,Tier_1,0,D_8086f3
U_867c5c,493,Tier_2,0,D_113d3e
U_b36f00,851,Tier_2,0,D_1e6b29
U_bac163,201,Tier_3,0,D_7645e2
U_6fe974,506,Tier_1,0,D_7116e6
U_fc7abe,675,Tier_2,0,D_e25168
U_c70f21,904,Tier_1,0,D_fdc67a
U_a6857b,1662,Tier_2,0,D_3c7092
U_50018c,1623,Tier_2,0,D_de6b3e
U_3880f5,747,Tier_2,0,D_cb73e4
U_bcd6cb,603,Tier_3,0,D_e09a5c
U_76a67f,1646,Tier_1,0,D_f1e5cb
U_a19467,108,Tier_2,0,D_2eec6b
U_9f1596,138,Tier_2,1,D_5824d1
U_84c793,296,Tier_1,0,D_9aeca3
U_68914f,473,Tier_2,0,D_833aaa
U_a25237,1602,Tier_1,0,D_bc5a23
U_2a50bb,444,Tier_2,0,D_502e42
U_4986af,959,Tier_2,0,D_e50a5b
U_77dacb,554,Tier_2,0,D_4e52ea
U_c88fcc,383,Tier_2,0,D_32a3a1
U_4cbe2a,1464,Tier_1,0,D_524dc6
U_6c1ded,1173,Tier_2,0,D_dc43a3
U_0b0b7b,1015,Tier_2,0,D_0a4205
U_c3740b,1710,Tier_2,0,D_d5ec68
U_401681,1112,Tier_1,0,D_945558
U_ac0243,554,Tier_3,0,D_3e4c84
U_d14551,777,Tier_3,0,D_fb9899
U_6eed44,179,Tier_3,0,D_c13fe6
U_6fae54,1669,Tier_2,0,D_b1516d
U_3eb051,561,Tier_3,0,D_8d088c
U_27c895,817,Tier_2,0,D_d6a140
U_8ee76f,869,Tier_3,0,D_71f7f3
U_d6d64d,1425,Tier_2,0,D_cb3f97
U_5b76a1,1560,Tier_2,0,D_a04a05
U_09f99a,633,Tier_2,0,D_99215e
U_81884c,1486,Tier_3,0,D_fe2b29
U_b27117,320,Tier_3,0,D_d0bcc1
U_b9ac51,1598,Tier_2,0,D_28ab0d
U_63bd38,420,Tier_2,0,D_f36f1d
U_6ef6c3,604,Tier_2,0,D_f0e4f3
U_4a3615,732,Tier_3,0,D_07fc96
U_bf0323,619,Tier_1,0,D_562800
U_793b4c,934,Tier_2,0,D_b2e3b8
U_ad94b9,34,Tier_2,0,D_c91273
U_15b004,29,Tier_2,0,D_38ceb8
U_100f3b,980,Tier_2,0,D_94a1bd
U_8a7670,526,Tier_2,0,D_f3cf1b
U_2cfc13,6,Tier_2,0,D_bb6b19
U_7ca630,308,Tier_3,0,D_071bd1
U_b73a93,1316,Tier_3,0,D_74d303
U_e68a9f,96,Tier_3,0,D_8c4d72
U_d81bc4,1212,Tier_1,0,D_071bd1
U_6a0503,422,Tier_2,0,D_927369
U_dbac2d,1132,Tier_3,0,D_507d51
U_bb5c49,669,Tier_3,0,D_781323
U_12f5bb,215,Tier_3,0,D_4c7eff
U_e0a9b2,806,Tier_3,0,D_cda319
U_03aed6,479,Tier_2,0,D_14d790
U_31ee89,306,Tier_2,0,D_92e6f4
U_86628a,1229,Tier_3,0,D_e283d9
U_c7c1ae,1731,Tier_3,0,D_00510b
U_1c8ca0,791,Tier_1,0,D_bce625
U_d19bad,701,Tier_3,0,D_cc92ed
U_dc9156,1373,Tier_1,0,D_3c278b
U_67d9fa,47,Tier_1,0,D_5f0d06
U_b16d70,1082,Tier_2,0,D_9a31cf
U_19e6a9,521,Tier_2,0,D_4381c4
U_641d22,824,Tier_1,0,D_6cae9e
U_74d1b7,1215,Tier_3,0,D_5f495e
U_b167d5,1023,Tier_1,0,D_62660b
U_98c4ec,1458,Tier_2,0,D_18ef5f
U_5659b0,1426,Tier_2,0,D_99acb3
U_5f1577,1060,Tier_2,0,D_87968c
U_e2a037,1609,Tier_2,0,D_e1f68b
U_45bf4a,895,Tier_2,0,D_ea75db
U_21c349,494,Tier_2,0,D_e6c8f2
U_6e863d,71,Tier_3,0,D_61f8d1
U_dfb679,702,Tier_2,0,D_b243a7
U_2cbeca,1037,Tier_1,0,D_421fd8
U_736e48,1578,Tier_2,0,D_72c619
U_d231fb,1602,Tier_2,0,D_296e29
U_14ae12,385,Tier_1,0,D_f3d6c1
U_de630f,7,Tier_1,0,D_3ad34c
U_16a10d,388,Tier_2,0,D_1778f7
U_0b2d96,1661,Tier_2,0,D_c7d4ba
U_e7301c,1462,Tier_3,0,D_a90633
U_e2f084,1139,Tier_2,0,D_54afd7
U_45ce2e,453,Tier_3,0,D_348ac3
U_a3f536,243,Tier_1,0,D_3ad061
U_69e795,194,Tier_1,0,D_33a219
U_dfeea3,1719,Tier_3,0,D_3ad061
U_4ec594,907,Tier_3,0,D_6e406b
U_888177,878,Tier_2,0,D_abbfba
U_ffa934,379,Tier_2,0,D_3f8031
U_f10611,499,Tier_3,0,D_4c859a
U_179bfc,1396,Tier_2,0,D_fab067
U_d0f97b,442,Tier_3,0,D_bcfa3f
U_bcc86a,254,Tier_3,0,D_3aa063
U_9e6de7,1662,Tier_2,0,D_006176
U_ea86bf,824,Tier_3,0,D_cb9e47
U_eb9b6c,298,Tier_2,0,D_8b4545
U_8e98ad,836,Tier_3,0,D_6a316e
U_ce189b,1563,Tier_2,0,D_66a7b7
U_0a24a5,1679,Tier_3,0,D_ca4874
U_8f7481,1508,Tier_2,0,D_89f605
U_ebacb1,5,Tier_1,0,D_be7da5
U_2ca5c7,1122,Tier_1,0,D_91faff
U_5baf27,65,Tier_3,0,D_987be6
U_5dca88,1658,Tier_1,0,D_232006
U_e10e59,72,Tier_1,0,D_501ba0
U_763a54,424,Tier_3,0,D_7270c1
U_316c3d,314,Tier_1,0,D_a559a3
U_5294e1,648,Tier_2,0,D_a21442
U_7d7182,150,Tier_2,0,D_b4a1c8
U_c97d2a,1520,Tier_3,0,D_7bcf77
U_0d8e9f,1097,Tier_3,0,D_3d056d
U_f55278,273,Tier_3,0,D_653c01
U_e8c900,1694,Tier_2,0,D_498385
U_574dfb,1312,Tier_3,0,D_1cd10a
U_175fe3,150,Tier_3,0,D_cc0500
U_296ede,726,Tier_3,0,D_b3b0fe
U_0f9590,1399,Tier_2,0,D_a4e636
U_b9df86,1602,Tier_2,0,D_408c75
U_51ef94,275,Tier_2,0,D_8f89ea
U_7d0af2,815,Tier_2,0,D_9cc6fd
U_85f126,45,Tier_3,0,D_601753
U_4420ba,1196,Tier_1,0,D_c3f9bb
U_9fe802,642,Tier_1,0,D_950d6d
U_43fe51,721,Tier_3,0,D_66703d
U_43c74e,993,Tier_1,0,D_13953e
U_ef752c,1661,Tier_3,0,D_679762
U_cc1ce1,1171,Tier_1,0,D_6c1d13
U_da7b39,234,Tier_2,0,D_e3c4bf
U_0bec2d,1625,Tier_2,0,D_1e59b5
U_4f3cb8,1245,Tier_3,0,D_f9bac3
U_b2f311,1176,Tier_1,0,D_13ed09
U_9d2c32,144,Tier_2,0,D_f8fb80
U_faf7db,1565,Tier_3,0,D_564885
U_faec8e,994,Tier_2,0,D_ee0ffa
U_17c0a5,1017,Tier_1,0,D_131c44
U_977071,897,Tier_1,0,D_c6e3cd
U_f02d75,1168,Tier_3,0,D_322c97
U_41d92f,134,Tier_1,0,D_ec03e1
U_3c1754,1781,Tier_1,0,D_a65bec
U_bb027b,1124,Tier_1,0,D_e6ff10
U_9b0631,304,Tier_2,0,D_1069dd
U_c435ab,399,Tier_1,0,D_2da41b
U_db13e6,1468,Tier_3,0,D_b71da1
U_074d43,1544,Tier_3,0,D_f9b45c
U_48da29,812,Tier_2,0,D_35a5a0
U_6e4784,913,Tier_1,0,D_1147a7
U_612719,34,Tier_2,0,D_fd5d0e
U_649e70,26,Tier_2,0,D_f32b15
U_0f3ee2,78,Tier_1,0,D_b7e47c
U_0289fd,1115,Tier_3,0,D_4b48f6
U_4b864c,399,Tier_2,0,D_f3b28e
U_199dff,1055,Tier_2,0,D_fb9d03
U_b4d28a,149,Tier_2,0,D_1e52d1
U_871717,152,Tier_3,0,D_fb6272
U_8b4fac,1713,Tier_2,0,D_bf78bf
U_7219e1,1134,Tier_3,0,D_c56438
U_531944,906,Tier_2,0,D_d6d6a3
U_1fd8cf,1694,Tier_2,0,D_9223a2
U_61dfdc,16,Tier_2,0,D_6516bb
U_4b6caa,981,Tier_3,0,D_e569c1
U_449dd7,912,Tier_3,0,D_c3f9bb
U_90bbcf,1680,Tier_2,0,D_a1bf1d
U_0afdc3,1345,Tier_3,0,D_006176
U_f8bca3,206,Tier_2,0,D_39c317
U_5a22d2,563,Tier_1,0,D_77b96e
U_4a8398,1029,Tier_2,0,D_55a706
U_3df127,371,Tier_2,0,D_382fd3
U_221a25,1502,Tier_2,0,D_9662cc
U_3cd70c,1077,Tier_1,0,D_3e2124
U_5efeac,1074,Tier_1,0,D_7daa9c
U_2991bd,942,Tier_1,0,D_772b0b
U_877bc5,1541,Tier_2,0,D_ffad2e
U_eec4d5,1371,Tier_2,0,D_66a3e7
U_03328e,315,Tier_2,0,D_66a7b7
U_739075,304,Tier_2,0,D_5e9cf6
U_c5ea36,1273,Tier_2,0,D_460228
U_d8568e,935,Tier_2,0,D_85eed1
U_7b6fe2,1327,Tier_3,0,D_6a7607
U_5ebe32,1529,Tier_2,0,D_ec1954
U_64d9c4,428,Tier_1,0,D_ee381c
U_64f18b,1085,Tier_2,0,D_6e5f77
U_5d91bf,1247,Tier_2,0,D_dc6c1c
U_baf10b,1687,Tier_2,0,D_8c32b6
U_0b3316,189,Tier_1,0,D_d46980
U_c7fbc4,1298,Tier_1,0,D_ada902
U_3b1c7a,310,Tier_2,0,D_e25168
U_c20a64,578,Tier_3,0,D_f6b7bc
U_6ebaf7,877,Tier_2,0,D_fe5bf7
U_e12b33,1014,Tier_2,0,D_5b63e7
U_8056c8,1648,Tier_2,0,D_35cd5b
U_8b5cb0,683,Tier_2,0,D_8577b3
U_f280f2,831,Tier_3,0,D_4b0e66
U_6c3148,1235,Tier_3,0,D_596432
U_b6d36c,260,Tier_1,0,D_35a016
U_5e1bc3,1778,Tier_3,0,D_cc71f3
U_804b61,1283,Tier_2,0,D_3d056d
U_16498d,790,Tier_2,0,D_cd3624
U_2e42ae,795,Tier_3,0,D_2bc1e0
U_7c60c5,1596,Tier_2,0,D_72837e
U_c82e1c,1208,Tier_3,0,D_ac2c35
U_b64748,713,Tier_3,0,D_d0c653
U_9817fe,260,Tier_2,0,D_3d4f1f
U_f47a34,431,Tier_1,0,D_40208d
U_d9ca9f,645,Tier_2,0,D_e72b83
U_d3b414,1355,Tier_1,0,D_388e0d
U_26c679,816,Tier_2,0,D_fc5500
U_858d31,891,Tier_1,0,D_fb9899
U_08cd98,44,Tier_1,0,D_e50dad
U_1241cb,798,Tier_2,0,D_6e8a8f
U_6a5c66,1059,Tier_3,0,D_4c859a
U_c5010c,468,Tier_2,0,D_209a37
U_bb4a4e,1020,Tier_2,0,D_77dcff
U_977056,977,Tier_1,0,D_a4e5bd
U_b15ce5,163,Tier_2,0,D_0c72f6
U_7df4b8,1334,Tier_1,0,D_989972
U_3a7a46,85,Tier_3,0,D_552072
U_dd7bc1,574,Tier_3,0,D_db23b0
U_c2d212,2,Tier_3,0,D_a5673b
U_c5c448,667,Tier_2,0,D_aad80b
U_9354e6,758,Tier_3,0,D_99215e
U_ebf5b1,1727,Tier_2,0,D_e71e4c
U_25da6a,1309,Tier_1,0,D_057367
U_ee1c92,1396,Tier_2,0,D_696046
U_698503,1395,Tier_1,0,D_7cbb82
U_69a5f7,767,Tier_3,0,D_df8dbf
U_688d0f,880,Tier_2,0,D_d075f6
U_55b7ce,1714,Tier_1,0,D_a077ec
U_2903d4,1449,Tier_3,0,D_7e6e7c
U_ce329f,769,Tier_3,0,D_d70517
U_423402,1690,Tier_3,0,D_257684
U_99e4a2,1470,Tier_2,0,D_bf777c
U_ebcc92,1476,Tier_2,0,D_833aaa
U_1f54fa,483,Tier_3,0,D_fb6272
U_61201c,1041,Tier_1,0,D_d11e27
U_80ff89,1105,Tier_2,0,D_669859
U_71eb37,486,Tier_2,0,D_cc4781
U_feb339,1618,Tier_1,0,D_553a9c
U_b5069c,1083,Tier_2,0,D_8b4545
U_46162d,680,Tier_2,0,D_005a4d
U_bf827d,903,Tier_2,0,D_972fc5
U_ce3eca,1659,Tier_2,0,D_01a576
U_0f6eac,570,Tier_2,0,D_d603c4
U_a7e782,596,Tier_2,0,D_549046
U_9809d7,1067,Tier_2,0,D_3dda14
U_b20798,786,Tier_2,0,D_209a37
U_278bd4,1204,Tier_3,0,D_052e10
U_a83db8,1038,Tier_2,0,D_94a1bd
U_8bef75,855,Tier_3,0,D_5c8336
U_2ba4c8,887,Tier_2,0,D_538cb0
U_c82cdf,213,Tier_2,0,D_eee9ec
U_289ef0,484,Tier_2,0,D_fc5500
U_4a8e6e,1393,Tier_1,0,D_0315d9
U_ea810e,1572,Tier_2,0,D_5c41fe
U_8aee8a,505,Tier_2,0,D_48ffc5
U_e1884e,185,Tier_2,0,D_e02a5b
U_687206,1020,Tier_2,0,D_abc044
U_17491c,778,Tier_2,0,D_e50dad
U_25e2ca,209,Tier_2,0,D_815dac
U_3c16d2,1198,Tier_3,0,D_c6e08a
U_19e8bb,605,Tier_1,0,D_f861c8
U_4077ab,262,Tier_1,0,D_230148
U_c3975a,1783,Tier_3,0,D_0ad56a
U_582297,758,Tier_3,0,D_c7d172
U_f27ef5,565,Tier_2,0,D_c770bd
U_8d541b,1392,Tier_2,0,D_4cd4bf
U_42a8c3,1017,Tier_2,0,D_3ad34c
U_1526f8,742,Tier_3,0,D_86dc1c
U_eef608,1407,Tier_1,0,D_3a5a81
U_695023,711,Tier_3,0,D_b1ca2a
U_cfbb84,1185,Tier_3,0,D_85ff11
U_f2c185,86,Tier_2,0,D_4d837e
U_e560e0,1365,Tier_3,0,D_6e691f
U_224a12,733,Tier_2,0,D_9b6732
U_c4f890,629,Tier_2,0,D_c0e4c0
U_95036f,73,Tier_2,0,D_8244b7
U_c7f947,62,Tier_2,0,D_211483
U_f7b31f,1562,Tier_2,0,D_c8b6c1
U_996f93,3,Tier_1,0,D_FRAUD_999
U_5d052b,318,Tier_2,0,D_253fb6
U_72f5d4,325,Tier_1,0,D_fc5795
U_436c83,626,Tier_2,0,D_0cacb4
U_43f5f2,376,Tier_1,0,D_cef1be
U_7a4822,485,Tier_3,0,D_25b62a
U_80de5f,1071,Tier_2,0,D_2080e9
U_a6686a,359,Tier_2,0,D_5b2b08
U_0277b9,1643,Tier_1,0,D_e2d7b9
U_46c267,1711,Tier_2,0,D_a14bd3
U_0194b5,1539,Tier_2,0,D_00e618
U_05772e,1411,Tier_2,0,D_c2ca75
U_b23a2b,523,Tier_1,0,D_5de3b6
U_f5d6c5,1081,Tier_2,0,D_d0d5e2
U_4dda2a,1520,Tier_1,0,D_bc450b
U_59a7ea,968,Tier_2,0,D_82209b
U_d40587,977,Tier_2,0,D_d652db
U_dcec28,1009,Tier_3,0,D_ca95fb
U_c81f25,364,Tier_2,0,D_d9014f
U_46430d,332,Tier_2,0,D_bbfe10
U_0cd69a,1156,Tier_2,0,D_c481e4
U_5a6761,1482,Tier_2,0,D_c387fc
U_53e086,1207,Tier_2,0,D_e004f3
U_9bb396,1722,Tier_3,0,D_2812b0
U_758852,1692,Tier_1,0,D_f9037e
U_d356ed,332,Tier_2,0,D_118203
U_70cd96,457,Tier_2,0,D_2aaf40
U_159015,1602,Tier_2,0,D_23715a
U_9ac3d2,897,Tier_1,0,D_890351
U_426858,529,Tier_2,0,D_ed6b2e
U_88dfda,1773,Tier_1,0,D_907112
U_a5c833,1070,Tier_3,0,D_70dd7a
U_a4131a,846,Tier_2,0,D_026e56
U_316ce1,797,Tier_2,0,D_345e0d
U_6714ec,25,Tier_2,0,D_8798e7
U_de8a1d,116,Tier_1,0,D_2e1d0e
U_a7618b,604,Tier_3,0,D_cf0087
U_fea52e,80,Tier_2,0,D_6b2a6f
U_cd74e9,396,Tier_2,0,D_78bd57
U_86cff8,1717,Tier_2,0,D_6a1b04
U_1f34cd,707,Tier_2,0,D_bff3b9
U_eb5739,915,Tier_1,0,D_3f46fe
U_31b5a3,665,Tier_2,0,D_51a24b
U_af7b79,1233,Tier_2,0,D_35f195
U_fafc94,802,Tier_2,0,D_0a4205
U_5425ad,708,Tier_2,0,D_8b2a6d
U_c9778b,187,Tier_3,0,D_de8234
U_9f2a85,1141,Tier_2,0,D_48ffc5
U_d24101,1489,Tier_3,0,D_b7e47c
U_d2f758,1244,Tier_2,0,D_edbe9b
U_0c0de7,787,Tier_2,0,D_540d14
U_b55c79,1764,Tier_1,0,D_668f23
U_0d5c92,754,Tier_3,0,D_02db8a
U_441a84,479,Tier_1,0,D_cc1e22
U_66a5d0,545,Tier_2,0,D_70e852
U_d021e2,394,Tier_2,0,D_9ae8e7
U_4f0ff3,132,Tier_2,0,D_4ec421
U_54afe3,61,Tier_2,0,D_043df3
U_551b1f,231,Tier_2,0,D_e2d7b9
U_ac6f0e,470,Tier_1,0,D_6a3008
U_9a113f,1029,Tier_3,0,D_30e1ef
U_b7c32e,1403,Tier_2,0,D_35a5a0
U_bd5e81,1696,Tier_3,0,D_fffc90
U_974351,1045,Tier_2,0,D_25cfb1
U_a4a386,1385,Tier_3,0,D_b8993c
U_5d8ff8,1032,Tier_2,0,D_d96e94
U_80f1ef,1352,Tier_1,0,D_2c1c8a
U_1a671f,561,Tier_2,0,D_b5478e
U_bf87b9,911,Tier_1,0,D_df9219
U_107006,93,Tier_3,0,D_d1f7fc
U_15531a,394,Tier_3,0,D_db5819
U_844976,950,Tier_2,0,D_3f62a4
U_1ec422,341,Tier_1,0,D_b9bab8
U_2e6e14,508,Tier_1,0,D_bfbe1e
U_775be4,1729,Tier_2,0,D_41a81b
U_8c9fbe,1571,Tier_3,0,D_772b0b
U_e5d48b,641,Tier_2,0,D_b27fe5
U_072e61,1745,Tier_3,0,D_e33a1a
U_5d7e44,1187,Tier_2,0,D_d650b1
U_7d6a87,1373,Tier_2,0,D_467396
U_5d0fbd,1550,Tier_3,0,D_fe0921
U_383ee7,1289,Tier_3,0,D_700d9f
U_142507,605,Tier_1,0,D_701565
U_eafff2,869,Tier_2,0,D_93fafc
U_67aff3,153,Tier_2,0,D_452df2
U_e40b59,1527,Tier_2,0,D_f2b548
U_cba242,48,Tier_2,0,D_ed746e
U_91d9bc,1342,Tier_3,0,D_52e4b0
U_734395,837,Tier_3,0,D_262153
U_75142d,311,Tier_2,0,D_4c681d
U_4303ac,1678,Tier_3,0,D_6b20c7
U_d3f76f,1127,Tier_2,0,D_c9932e
U_ea6e5a,777,Tier_2,0,D_84024d
U_bb8642,291,Tier_3,0,D_f9ba55
U_274891,1633,Tier_2,0,D_1e8de4
U_5ed127,1103,Tier_2,0,D_90b6aa
U_c1d242,1108,Tier_2,0,D_691503
U_934f3e,90,Tier_2,0,D_021e35
U_32d7ae,289,Tier_2,0,D_1e575b
U_9cfb7b,1347,Tier_1,0,D_4c053c
U_ea80c9,949,Tier_3,0,D_c58031
U_872fa0,459,Tier_1,0,D_72c619
U_372531,1673,Tier_2,0,D_59f111
U_1e4db8,1663,Tier_1,0,D_807eca
U_9d421f,1779,Tier_2,0,D_1e52d1
U_b1fe3e,1720,Tier_3,0,D_dac23d
U_55087a,1419,Tier_2,0,D_88525f
U_d2752f,1013,Tier_2,0,D_9dc703
U_2c5b81,696,Tier_2,0,D_6faa13
U_afc4cc,199,Tier_2,0,D_453112
U_bf715c,721,Tier_2,0,D_1b1458
U_0bc14b,1591,Tier_2,0,D_252ecd
U_eca56f,1330,Tier_2,0,D_05120c
U_6c8c78,1173,Tier_3,0,D_102301
U_609037,1519,Tier_2,0,D_3d4f1f
U_884c19,1761,Tier_1,0,D_8798e7
U_f2a482,1170,Tier_2,0,D_77d30b
U_e383a9,1437,Tier_2,0,D_4ed69a
U_f254d5,493,Tier_1,0,D_071bd1
U_05a2d6,671,Tier_3,0,D_df73d3
U_711457,335,Tier_2,0,D_43305d
U_b644a9,432,Tier_3,0,D_7fb012
U_8dbb39,832,Tier_3,0,D_c68726
U_82e3c3,727,Tier_3,0,D_77d015
U_0a5ffe,171,Tier_2,0,D_0de2ce
U_86acbb,781,Tier_3,0,D_1bd7b6
U_1bd258,1786,Tier_3,0,D_3e957c
U_231215,522,Tier_2,0,D_822df5
U_9a7132,122,Tier_2,0,D_1ba520
U_57aaef,732,Tier_1,0,D_404112
U_87bf7a,987,Tier_1,0,D_ad96bd
U_87286d,298,Tier_1,0,D_714511
U_9e99b7,577,Tier_2,0,D_2d7a7e
U_49bfc3,215,Tier_3,0,D_7e9e4d
U_d3bfdf,476,Tier_2,0,D_9304fb
U_ba49b9,925,Tier_2,0,D_5fb936
U_14acdd,1765,Tier_3,0,D_bfc11b
U_d57c65,1669,Tier_2,0,D_bbfb49
U_351bd2,996,Tier_3,0,D_1d77bf
U_d935ff,584,Tier_2,0,D_5b23da
U_a3c5f7,1527,Tier_3,0,D_5c8361
U_6abce8,1094,Tier_3,0,D_35f195
U_291033,1109,Tier_2,0,D_7557d6
U_a9edd6,1053,Tier_3,0,D_43305d
U_a01c6a,640,Tier_2,0,D_5a9c87
U_1a00c2,553,Tier_2,0,D_ac5250
U_2eae23,27,Tier_2,0,D_5fb936
U_1b6700,485,Tier_3,0,D_1d77bf
U_254172,456,Tier_3,0,D_3a9993
U_432f59,131,Tier_3,0,D_ad06fc
U_431fcc,936,Tier_2,0,D_61c66a
U_925635,895,Tier_2,0,D_d15b7d
U_15cd8b,66,Tier_2,0,D_748271
U_cfbca6,41,Tier_2,0,D_6efe51
U_7e8a70,855,Tier_1,0,D_73e297
U_1f073c,756,Tier_3,0,D_dd449e
U_45d812,1698,Tier_2,0,D_120b58
U_748bb7,744,Tier_2,0,D_1f76fe
U_8da782,12,Tier_3,0,D_c364f0
U_2bb647,661,Tier_3,0,D_048869
U_aa8eca,1233,Tier_2,0,D_a324f6
U_67ad56,661,Tier_2,0,D_a3eea0
U_faa6d9,1533,Tier_2,0,D_18ef5f
U_7981b8,537,Tier_1,0,D_944c0d
U_ce5502,1342,Tier_2,0,D_4d0087
U_401a08,94,Tier_3,0,D_cd3707
U_6773ec,1743,Tier_3,0,D_a35a5e
U_739f49,338,Tier_2,0,D_3f26f4
U_5279d2,1077,Tier_1,0,D_7290a9
U_c580d7,3,Tier_1,0,D_FRAUD_999
U_5c8546,549,Tier_1,0,D_60242a
U_3fa2b9,1144,Tier_2,0,D_8ccdab
U_88b6f6,1217,Tier_2,0,D_5f0d06
U_26b74e,1085,Tier_3,0,D_ea35da
U_3e1d03,1515,Tier_2,0,D_fbcbe2
U_58b753,1719,Tier_2,0,D_d1ebbe
U_19149d,907,Tier_3,0,D_8b6ff6
U_a29367,590,Tier_3,0,D_e91c16
U_c8df9d,689,Tier_1,0,D_cc92ed
U_31e1a4,618,Tier_3,0,D_315be3
U_21bc57,1599,Tier_2,0,D_335492
U_ef940e,1123,Tier_2,0,D_78b484
U_f604bd,1531,Tier_1,0,D_a54f61
U_c7a556,210,Tier_2,0,D_8e5dcc
U_4d2f74,1265,Tier_2,0,D_8cb190
U_e5e97e,1656,Tier_2,0,D_e4d975
U_c0b546,148,Tier_3,0,D_0b4748
U_38d9ef,575,Tier_1,0,D_bd1e7c
U_132aed,667,Tier_2,0,D_497d21
U_25a0c6,184,Tier_2,0,D_18a9ba
U_11c21a,514,Tier_2,0,D_ead057
U_0aa971,599,Tier_3,0,D_e283d9
U_fc9df4,1453,Tier_3,0,D_052fd5
U_3451c1,467,Tier_2,0,D_e89ca1
U_13d03f,775,Tier_2,0,D_6d6b46
U_b9ce93,1107,Tier_3,0,D_c3f9bb
U_d92731,115,Tier_2,0,D_f64f3a
U_15a43f,218,Tier_2,0,D_f1d202
U_e962db,176,Tier_3,0,D_06ecd0
U_4db471,634,Tier_1,0,D_1cfff3
U_24b835,1335,Tier_2,0,D_ef4f44
U_b21e26,1415,Tier_2,0,D_e383a9
U_3c0c6a,1338,Tier_3,0,D_af3db0
U_96b0a3,1536,Tier_3,0,D_13122d
U_fa03bb,1354,Tier_2,0,D_8eba79
U_590848,1175,Tier_1,0,D_1e0c9e
U_b0922a,577,Tier_1,0,D_3d22b1
U_5dbd0a,770,Tier_2,0,D_d79988
U_af2ae3,1324,Tier_2,0,D_357459
U_f2d4b3,1565,Tier_2,0,D_fe7337
U_33ea69,78,Tier_1,0,D_f1d202
U_abe9a5,429,Tier_2,0,D_93fafc
U_b4d701,1629,Tier_3,0,D_1e904c
U_5786c7,291,Tier_2,0,D_453112
U_c24195,926,Tier_2,0,D_bbde0b
U_647320,1366,Tier_1,0,D_9ed3e5
U_532d67,1288,Tier_3,0,D_f6735d
U_70ac35,202,Tier_2,0,D_5adc44
U_5c5416,1449,Tier_3,0,D_58be22
U_412744,1621,Tier_3,0,D_460228
U_d68e70,1562,Tier_1,0,D_696046
U_905c24,1254,Tier_2,0,D_dedac6
U_9a6b76,414,Tier_3,0,D_9ac6a8
U_f26c0a,1375,Tier_2,0,D_806a98
U_d6618c,707,Tier_2,0,D_51400e
U_ee636f,1223,Tier_1,0,D_2e1d0e
U_1ef5ce,550,Tier_2,0,D_ed6ecd
U_6bf6e6,1243,Tier_2,0,D_d7a3dc
U_3019a3,33,Tier_3,0,D_4b17b1
U_075c07,1116,Tier_3,0,D_265e7c
U_feb5e8,926,Tier_2,0,D_d516a5
U_9fc54c,302,Tier_2,0,D_32a3a1
U_412a6e,416,Tier_2,0,D_5f12a9
U_206115,1569,Tier_2,0,D_977179
U_67710b,163,Tier_3,0,D_5b0086
U_15844a,1186,Tier_2,0,D_328046
U_c1c5cf,1206,Tier_2,0,D_fbfe13
U_9125df,1259,Tier_3,0,D_388e0d
U_77cb84,80,Tier_2,0,D_87ae7f
U_a313b8,1430,Tier_3,0,D_01c424
U_5a9e6d,1457,Tier_1,0,D_1e0c9e
U_b577f8,827,Tier_2,0,D_276ad3
U_c68513,152,Tier_1,0,D_71a528
U_34dcac,783,Tier_1,0,D_5c36c0
U_e710b0,732,Tier_3,0,D_1c07a7
U_761ba0,943,Tier_2,0,D_59ba11
U_607fce,1007,Tier_3,0,D_ed5dc7
U_e2d8fa,1491,Tier_2,0,D_933318
U_173540,790,Tier_2,0,D_b5caf7
U_8cf938,1797,Tier_2,0,D_0ff4af
U_00965a,1181,Tier_2,0,D_869c01
U_10e605,217,Tier_2,0,D_933ffb
U_640c4c,880,Tier_3,0,D_bc450b
U_a909b9,1711,Tier_2,0,D_7c9144
U_1542e3,420,Tier_2,0,D_cfc7c5
U_8c6a80,596,Tier_3,0,D_419838
U_50e77d,6,Tier_2,0,D_3c2a33
U_8e29cb,919,Tier_1,0,D_2aaf40
U_de1769,657,Tier_2,0,D_540d14
U_1dd835,940,Tier_2,0,D_1ba520
U_12e7da,1302,Tier_1,0,D_eed0e9
U_d9a753,818,Tier_3,0,D_cb255d
U_bf7a37,204,Tier_1,0,D_e50dad
U_1eafc2,904,Tier_2,0,D_be24d2
U_299a6b,108,Tier_1,0,D_c2694b
U_666348,252,Tier_2,0,D_77d30b
U_58ae0d,905,Tier_1,0,D_bea06e
U_d1a962,1113,Tier_2,0,D_d452f0
U_e0b153,29,Tier_1,0,D_8cd5ac
U_f0aa0f,680,Tier_3,0,D_4b0e66
U_159363,767,Tier_2,0,D_944877
U_ec8d5d,805,Tier_2,0,D_2c6e54
U_65a2d7,807,Tier_2,0,D_d46980
U_abb963,1030,Tier_1,0,D_480a67
U_7379d0,787,Tier_2,0,D_4272fa
U_223054,255,Tier_3,0,D_6e03d6
U_13452d,1405,Tier_3,0,D_1bcf3a
U_a25589,1412,Tier_2,0,D_7f64f0
U_bc07d3,1557,Tier_3,0,D_c80474
U_be440c,1097,Tier_2,0,D_c6e08a
U_0dd90e,710,Tier_3,0,D_ce9e02
U_2abce3,1380,Tier_2,0,D_b3f5b7
U_8f8b4d,145,Tier_3,0,D_cb3f97
U_cc37e1,1777,Tier_2,0,D_459ede
U_b0c5a9,755,Tier_3,0,D_2c1c8a
U_d00bdf,362,Tier_3,0,D_b2af3d
U_7b395d,1115,Tier_1,0,D_d31ba5
U_d8f8ca,183,Tier_1,0,D_06c872
U_c567bc,753,Tier_3,0,D_85ff11
U_f500cc,751,Tier_3,0,D_475de1
U_c9dfa6,495,Tier_2,0,D_d5d96a
U_093c15,880,Tier_1,0,D_8ca040
U_d4d428,1415,Tier_3,0,D_2d7a7e
U_cbf5f3,1560,Tier_3,0,D_a7ed44
U_deb82f,351,Tier_3,0,D_e1b7b8
U_dde9c6,1223,Tier_3,0,D_fb9d03
U_8d5cac,311,Tier_3,0,D_3dda14
U_10792d,228,Tier_2,0,D_d603c4
U_5558f4,628,Tier_2,0,D_52b5a2
U_45bb7f,207,Tier_2,0,D_150a18
U_6616ab,1622,Tier_2,0,D_7750c9
U_c2c8ff,539,Tier_2,0,D_9eb6cc
U_2745cc,345,Tier_2,0,D_bb2270
U_a788f9,381,Tier_2,0,D_6a50d9
U_8756a9,447,Tier_1,0,D_8c4d72
U_47bccd,355,Tier_2,0,D_d70517
U_90fa89,1225,Tier_2,0,D_c0b911
U_90c7ba,1120,Tier_3,0,D_807eca
U_d0684f,1326,Tier_2,0,D_ef4f44
U_5b6506,903,Tier_3,0,D_e0e1b5
U_58d6cd,1130,Tier_3,0,D_59e285
U_9ea4db,954,Tier_3,0,D_373ae6
U_ca72ec,465,Tier_2,0,D_535fb0
U_509aab,1754,Tier_2,0,D_df60a3
U_773a0b,963,Tier_2,0,D_5f0d06
U_e566f7,1778,Tier_2,0,D_178adc
U_a215ef,876,Tier_2,0,D_2abdd4
U_a90b21,3,Tier_2,0,D_FRAUD_999
U_513597,1795,Tier_3,0,D_005a4d
U_e2302d,1493,Tier_3,0,D_84cb13
U_226a5f,357,Tier_2,0,D_534565
U_56c4ca,428,Tier_2,0,D_b09bd1
U_6fe193,1055,Tier_2,0,D_fda357
U_c408de,1269,Tier_2,0,D_3b298b
U_51a6fc,1477,Tier_2,0,D_043fef
U_63fff1,1166,Tier_1,0,D_0ccfb1
U_9efb2b,1192,Tier_3,0,D_f350f0
U_b942d8,229,Tier_2,0,D_113d3e
U_0133b3,1772,Tier_1,0,D_af483e
U_56aaa1,1168,Tier_3,0,D_a559a3
U_1a86f3,607,Tier_3,0,D_600b12
U_f4baa4,1233,Tier_2,0,D_c535bb
U_19b5f1,33,Tier_2,0,D_2ff145
U_ed0d9b,241,Tier_2,0,D_cb511a
U_fc98e7,103,Tier_3,0,D_7fd5b6
U_271037,1395,Tier_2,0,D_19b838
U_00b3b2,908,Tier_2,0,D_86dc1c
U_347cd2,503,Tier_1,0,D_5c24b1
U_7f146b,646,Tier_2,0,D_3dda14
U_8dfe7e,1155,Tier_2,0,D_a4c757
U_6391c4,3,Tier_3,0,D_FRAUD_999
U_1f07bf,674,Tier_2,0,D_e7f44e
U_4988e5,1454,Tier_3,0,D_f9b45c
U_d60751,1777,Tier_2,0,D_b58e8d
U_bd0ba0,1636,Tier_3,0,D_30e1ef
U_6c86d5,666,Tier_2,0,D_d04fe3
U_fdee82,1733,Tier_2,0,D_4c859a
U_c322ac,1162,Tier_2,0,D_9cd169
U_4fe454,3,Tier_1,0,D_FRAUD_999
U_210922,1535,Tier_1,0,D_56652c
U_b662bb,103,Tier_2,0,D_3e4c84
U_37b08d,1396,Tier_1,0,D_9badce
U_6e8e30,376,Tier_1,0,D_1148ee
U_65225f,978,Tier_3,0,D_df8c4f
U_ee893c,1167,Tier_3,0,D_89f605
U_243333,1446,Tier_3,1,D_1f0d19
U_3d50ff,87,Tier_1,0,D_d70517
U_747aa4,526,Tier_2,0,D_e816ff
U_913379,1216,Tier_3,0,D_f84473
U_b4409c,32,Tier_3,0,D_ffad2e
U_96d203,140,Tier_2,0,D_b3c86c
U_8efd2c,1000,Tier_2,0,D_a3eea0
U_032bd1,1457,Tier_2,0,D_0ea7b7
U_663be1,1340,Tier_2,0,D_bd1260
U_540f3c,11,Tier_2,0,D_fce5de
U_2892e6,650,Tier_2,0,D_35239e
U_a7f90b,1632,Tier_2,0,D_48912c
U_86fae8,188,Tier_1,0,D_2e1917
U_431211,862,Tier_2,0,D_029dd7
U_62645b,1478,Tier_3,0,D_8ec289
U_a23ac4,1652,Tier_2,0,D_a8821e
U_bfe4b1,1088,Tier_1,0,D_401057
U_e7f48c,1495,Tier_3,0,D_c5de98
U_90530c,1732,Tier_2,0,D_de84f0
U_1210ae,750,Tier_2,0,D_ea1bf6
U_6daafd,1060,Tier_2,0,D_890491
U_bb07a9,1349,Tier_3,0,D_331de1
U_9e3fef,1707,Tier_1,0,D_cc1e22
U_e9121c,1550,Tier_1,0,D_76328a
U_1e4d58,1052,Tier_3,0,D_ced760
U_4e279e,1543,Tier_2,0,D_66109a
U_e85ea7,200,Tier_2,0,D_bbde0b
U_50948a,1493,Tier_2,0,D_f0f27b
U_bda85c,1785,Tier_2,0,D_b06da4
U_228968,461,Tier_1,0,D_261840
U_e28f2a,1773,Tier_2,0,D_0c0b17
U_873796,1611,Tier_2,0,D_545e70
U_049147,514,Tier_2,0,D_bbfe10
U_0f0be3,1398,Tier_3,0,D_ffc4e9
U_a47840,767,Tier_1,0,D_f7c171
U_29b910,1294,Tier_1,0,D_549740
U_4d128e,369,Tier_1,0,D_32c668
U_b6dfef,1428,Tier_2,0,D_47251d
U_cb79c2,956,Tier_2,0,D_c2b8e8
U_fb3e1e,1645,Tier_2,0,D_773b95
U_d5ddef,1650,Tier_3,0,D_08fe15
U_34c0e5,795,Tier_2,0,D_b3c86c
U_c10ee3,1374,Tier_1,0,D_f01deb
U_73b57f,1772,Tier_1,0,D_1bd7b6
U_7a2485,1374,Tier_2,0,D_29e809
U_e668da,1481,Tier_1,0,D_f0e4f3
U_237843,186,Tier_2,0,D_59ba11
U_b8b0d8,954,Tier_2,0,D_4466e9
U_063fe1,429,Tier_2,0,D_5a9c87
U_dd617b,1710,Tier_3,0,D_8798e7
U_df4e7a,1205,Tier_2,0,D_418d9c
U_24d4ac,1534,Tier_2,0,D_e4a8ec
U_0408ff,806,Tier_2,0,D_106772
U_2e91b2,295,Tier_2,0,D_779144
U_1e7071,1343,Tier_1,0,D_419803
U_0da1da,19,Tier_3,0,D_b4a1c8
U_b7bd46,427,Tier_1,0,D_927369
U_7174c0,1736,Tier_2,0,D_c91273
U_5700f4,1419,Tier_3,0,D_d5ec68
U_3c72f5,795,Tier_3,0,D_b9ec85
U_62330f,371,Tier_2,0,D_43a1e8
U_5496aa,1305,Tier_1,0,D_19c06a
U_4e89b2,971,Tier_3,0,D_57da4d
U_9f0c98,8,Tier_2,0,D_a40c5f
U_259393,701,Tier_2,0,D_a9d954
U_de8074,363,Tier_2,0,D_82209b
U_7c9bb4,1598,Tier_3,0,D_ca6e14
U_cf5065,924,Tier_3,0,D_de8234
U_b98b03,1713,Tier_3,0,D_ffabe7
U_e5c869,1688,Tier_2,0,D_3fe113
U_d1b1d8,1345,Tier_2,0,D_f00fa1
U_371548,290,Tier_2,0,D_c80474
U_a3fd8d,1103,Tier_2,0,D_8086f3
U_de592f,1750,Tier_3,0,D_3fe861
U_c0f85a,267,Tier_2,0,D_0dad84
U_bf075e,1065,Tier_2,0,D_d0666d
U_4a19e7,203,Tier_2,0,D_89adf3
U_74eabd,126,Tier_2,0,D_097060
U_4d6d87,1598,Tier_2,0,D_99e375
U_716cec,545,Tier_2,0,D_606bae
U_666930,119,Tier_2,0,D_693aea
U_4cd4fd,755,Tier_2,0,D_492401
U_5f88ea,1128,Tier_2,0,D_401057
U_5cd9eb,249,Tier_3,0,D_9f9286
U_07d9c9,1248,Tier_3,0,D_c2ca75
U_bf6566,481,Tier_2,0,D_bce625
U_dd366e,200,Tier_2,0,D_e1bd4c
U_3ac7d1,78,Tier_2,0,D_345e0d
U_2d2ce5,83,Tier_2,0,D_671f6b
U_fd75cd,90,Tier_2,0,D_01825e
U_df7fa9,25,Tier_3,0,D_7d99d7
U_af96d3,777,Tier_1,0,D_401eca
U_0c1c34,1649,Tier_1,0,D_400743
U_53d2ed,959,Tier_3,0,D_beaead
U_c8cb05,1251,Tier_2,0,D_61c66a
U_12d2b5,1662,Tier_1,0,D_e71e4c
U_0d5a2b,815,Tier_2,0,D_e86785
U_6c4583,625,Tier_2,0,D_1300dc
U_f89500,1480,Tier_2,0,D_ae8567
U_6cd8fb,646,Tier_1,0,D_59af70
U_1b4458,1242,Tier_1,0,D_3fe113
U_0d4868,968,Tier_1,0,D_1764d8
U_617630,1778,Tier_2,0,D_9793ab
U_1fc8e3,1637,Tier_2,0,D_7dc287
U_c9df88,1554,Tier_3,0,D_bc450b
U_d4fbd2,571,Tier_1,0,D_d605ab
U_46b4a6,1736,Tier_2,0,D_43305d
U_cfb1ba,1572,Tier_3,0,D_d6bb72
U_b6de0c,36,Tier_2,0,D_732b65
U_fea4e4,708,Tier_2,0,D_2812b0
U_c51ffd,732,Tier_1,0,D_590975
U_f0109c,1267,Tier_2,0,D_5a0e77
U_a9d3ff,1178,Tier_2,0,D_9e0ee3
U_e65ffc,718,Tier_2,0,D_1a021e
U_8e7d36,182,Tier_2,0,D_fda357
U_8bbe4e,143,Tier_3,0,D_690a73
U_655d6e,1403,Tier_2,0,D_6e406b
U_b2de87,1374,Tier_1,0,D_d821de
U_5f8e55,712,Tier_2,0,D_c73968
U_118c12,1740,Tier_2,0,D_78d9ea
U_e8df23,1401,Tier_2,0,D_aed72f
U_f3115c,620,Tier_3,0,D_6a3008
U_01e393,566,Tier_3,0,D_689223
U_758011,782,Tier_3,0,D_c4b7d1
U_c328e6,1687,Tier_2,0,D_3426f5
U_392658,1462,Tier_2,0,D_106772
U_f12313,1335,Tier_3,0,D_ff677a
U_7fa6ca,279,Tier_3,0,D_7de9dd
U_ded5df,1494,Tier_3,0,D_d2871d
U_153218,82,Tier_2,0,D_930f2c
U_64303b,1425,Tier_2,0,D_ad5f7d
U_94b73a,1341,Tier_2,0,D_d4c2d0
U_e46f2c,1154,Tier_3,0,D_84cb13
U_8c8ef4,976,Tier_2,0,D_66a7b7
U_352c07,1651,Tier_2,0,D_aa1a29
U_3f7e50,1148,Tier_1,0,D_377c7b
U_25c81f,552,Tier_2,0,D_db98bc
U_786c5a,1750,Tier_1,0,D_4e8789
U_713201,1624,Tier_3,0,D_dbf4ae
U_86c461,1738,Tier_3,0,D_13122d
U_65fc21,1627,Tier_3,0,D_76328a
U_d44177,1602,Tier_3,0,D_139a71
U_377382,1197,Tier_2,0,D_efc080
U_a82555,1050,Tier_3,0,D_735da1
U_c042d4,103,Tier_3,0,D_3c6aa9
U_6fe2fe,417,Tier_2,0,D_0e7ab6
U_db8b8d,1079,Tier_1,0,D_3aa063
U_7db45a,567,Tier_3,0,D_bff3b9
U_408c0d,905,Tier_2,0,D_8f0e2f
U_d0c54f,1453,Tier_3,0,D_d9cd1e
U_eeb469,1118,Tier_1,0,D_779144
U_a108a8,904,Tier_2,0,D_4272fa
U_9d9970,202,Tier_2,0,D_8f83b1
U_c2b420,1022,Tier_3,0,D_fe7966
U_231c18,1288,Tier_2,0,D_ca695f
U_8ebdd7,1000,Tier_3,0,D_bddc5b
U_45341f,472,Tier_1,0,D_b1a7b3
U_ba252f,878,Tier_2,0,D_38b649
U_be9623,181,Tier_3,0,D_63f528
U_006c7a,102,Tier_2,0,D_239c06
U_bd9d66,1498,Tier_1,0,D_89098a
U_eafae2,468,Tier_1,0,D_28f6b3
U_bc5c80,1279,Tier_1,0,D_9bc006
U_0da23c,489,Tier_2,0,D_dae48b
U_c03599,541,Tier_3,0,D_5b23da
U_4b2ceb,244,Tier_2,0,D_f6872e
U_5824fb,1529,Tier_2,0,D_69beb3
U_f88acd,1630,Tier_2,0,D_5e6cd4
U_a9fd85,1353,Tier_3,0,D_be7da5
U_78eb6e,1016,Tier_2,0,D_56e142
U_978700,1150,Tier_2,0,D_bf777c
U_3af58e,703,Tier_3,0,D_59e285
U_6c8159,930,Tier_2,0,D_f45a70
U_398a5c,903,Tier_2,0,D_b5caf7
U_ee049a,877,Tier_2,0,D_653c01
U_0a2777,975,Tier_1,0,D_ffc4e9
U_72981e,271,Tier_3,0,D_a63325
U_2517b3,1553,Tier_3,0,D_3f26f4
U_302bda,917,Tier_2,0,D_200629
U_8a8977,1472,Tier_3,0,D_82209b
U_41f240,1786,Tier_2,0,D_b444e6
U_3d1185,1265,Tier_2,0,D_3e4c84
U_7ddad8,374,Tier_1,0,D_9333b6
U_baba35,569,Tier_3,0,D_aa7de9
U_33b9d9,213,Tier_3,0,D_e3baba
U_a327c0,453,Tier_3,0,D_b08c97
U_66129d,1546,Tier_3,0,D_92b634
U_8e5534,1235,Tier_2,0,D_7e1283
U_175290,465,Tier_3,0,D_e13dab
U_c56674,802,Tier_2,0,D_301413
U_410ef8,1002,Tier_2,0,D_a891b4
U_4f51ca,557,Tier_1,0,D_005a4d
U_3bf980,883,Tier_2,0,D_5d6aee
U_a344a3,430,Tier_2,0,D_60242a
U_fedfe6,812,Tier_1,0,D_088c5d
U_7d829f,312,Tier_3,0,D_cb3f97
U_576c17,370,Tier_2,0,D_b3bb1c
U_e5f2a3,1224,Tier_3,0,D_92b634
U_847570,988,Tier_2,0,D_5f495e
U_9c0474,523,Tier_2,0,D_4247d7
U_99465a,32,Tier_2,0,D_879a06
U_fc980c,715,Tier_3,0,D_c0b911
U_c0b730,904,Tier_2,0,D_583416
U_8586a4,1233,Tier_1,0,D_ef703f
U_c81a65,1670,Tier_3,0,D_70ed52
U_310920,1332,Tier_3,0,D_cf0d94
U_eb109d,1335,Tier_2,0,D_013fc8
U_672795,230,Tier_2,0,D_c2b8e8
U_2a7f5e,698,Tier_3,0,D_ae7e31
U_635290,1697,Tier_1,0,D_3b43bc
U_bf180e,1360,Tier_2,0,D_335492
U_3c1d9c,326,Tier_3,0,D_041d8b
U_fad950,1792,Tier_2,0,D_1aa2c2
U_70d95f,600,Tier_2,0,D_c783f8
U_2eb1fe,377,Tier_1,0,D_91faff
U_5c02c1,46,Tier_3,0,D_df72e5
U_d2d978,476,Tier_2,0,D_40bde0
U_a4365c,1574,Tier_2,0,D_048c1f
U_971914,1586,Tier_2,0,D_6ebf7e
U_3b92ad,12,Tier_2,0,D_e7bf9a
U_0d7d19,241,Tier_2,0,D_75d89a
U_c3d5fd,1521,Tier_2,0,D_094588
U_5427cc,995,Tier_2,0,D_c2ca75
U_5cca0e,587,Tier_2,0,D_d38b2e
U_d30086,142,Tier_1,0,D_d15b7d
U_734768,486,Tier_2,0,D_a2072b
U_6896f0,1006,Tier_2,0,D_56f09a
U_36d6f2,530,Tier_2,0,D_48912c
U_06a1aa,731,Tier_3,0,D_df9219
U_ce28d0,474,Tier_2,0,D_9aa7c4
U_77728b,115,Tier_3,0,D_261840
U_9ec3bd,1592,Tier_3,0,D_bee05b
U_13292f,485,Tier_2,0,D_37acd5
U_c2403b,908,Tier_3,0,D_4d837e
U_d65942,224,Tier_1,0,D_3d6627
U_5dd0d7,174,Tier_1,0,D_f4ef06
U_5f3ab0,1541,Tier_2,0,D_b3f431
U_3649eb,98,Tier_1,0,D_1ed0d7
U_d1a8ab,1115,Tier_2,0,D_5b1639
U_2eec72,1163,Tier_3,0,D_606bae
U_ce9f67,38,Tier_1,0,D_ac07f9
U_cb714a,1324,Tier_3,0,D_029dd7
U_33e059,1727,Tier_2,0,D_90190d
U_4d0e25,863,Tier_2,0,D_28933d
U_99962b,1556,Tier_1,0,D_31a606
U_7179b0,1479,Tier_2,0,D_16b967
U_128a82,951,Tier_3,0,D_f2024a
U_0523da,451,Tier_3,0,D_9a5e14
U_928a90,270,Tier_2,0,D_e671a8
U_83d4a7,769,Tier_3,0,D_439dc2
U_5f43ca,1177,Tier_3,0,D_8ec289
U_b73cb4,378,Tier_2,0,D_388eeb
U_6bba5a,1488,Tier_2,0,D_496c82
U_c508d2,1120,Tier_2,0,D_478f74
U_35b7a2,1426,Tier_3,0,D_211483
U_4df9e1,76,Tier_3,0,D_86dc1c
U_47d73c,316,Tier_1,0,D_b1ed05
U_e5e961,1536,Tier_1,0,D_ef39c9
U_751867,641,Tier_1,0,D_555619
U_a0cffb,1111,Tier_2,0,D_c0e4c0
U_4c3d3a,1622,Tier_3,0,D_bcb656
U_fd8a28,1363,Tier_2,0,D_da8b50
U_414848,1316,Tier_2,0,D_27b0ec
U_9cdcf6,399,Tier_2,0,D_28ab0d
U_54edda,1596,Tier_3,0,D_df9219
U_b9e342,658,Tier_2,0,D_9f8408
U_f9e0b4,195,Tier_3,0,D_15f563
U_f46846,1433,Tier_3,0,D_48ffc5
U_62e554,1551,Tier_2,0,D_0cdcb9
U_e17db9,1685,Tier_3,0,D_0f06d1
U_fe5e18,305,Tier_3,0,D_de8463
U_8981c0,177,Tier_2,0,D_f64f3a
U_a2b938,1085,Tier_1,0,D_46d3e0
U_ea6ea9,686,Tier_1,0,D_f11c79
U_428790,204,Tier_3,0,D_84cb13
U_8f2136,294,Tier_2,0,D_08b85a
U_41eb1e,1444,Tier_3,0,D_46b632
U_37ac43,1309,Tier_2,0,D_e1b7b8
U_0e0ade,970,Tier_2,0,D_a0003b
U_1761b8,473,Tier_2,1,D_b2e3b8
U_a69b9d,443,Tier_1,0,D_2b5bc6
U_ed4aef,648,Tier_1,0,D_85ff11
U_5dcca7,1567,Tier_3,0,D_8d088c
U_4f6999,858,Tier_3,0,D_5bae52
U_fb4669,246,Tier_2,0,D_54c318
U_b0aa97,312,Tier_3,0,D_8d088c
U_b1ce04,289,Tier_2,0,D_1d77bf
U_94fbd4,1160,Tier_2,0,D_e71451
U_c594c7,130,Tier_1,0,D_2fd28e
U_4aae2d,989,Tier_3,0,D_3b5ebd
U_05f743,309,Tier_3,0,D_44cf60
U_ef1b25,823,Tier_2,0,D_09d4ef
U_9628d9,1701,Tier_2,0,D_f9a21e
U_b5fff0,952,Tier_3,0,D_75f8e6
U_dc1121,1672,Tier_1,0,D_045705
U_7bdcfb,267,Tier_3,0,D_eb9a20
U_57c7f0,1024,Tier_3,0,D_afe3f4
U_06c48a,1012,Tier_2,0,D_810c7f
U_1663d7,1794,Tier_3,0,D_9816d1
U_f7faf5,848,Tier_2,0,D_df72e5
U_e67da4,868,Tier_3,0,D_f54ec6
U_a94d98,1312,Tier_3,0,D_057367
U_1177e8,560,Tier_1,0,D_86bdb6
U_5d44a6,513,Tier_2,0,D_d29113
U_566036,153,Tier_3,0,D_676681
U_ae5ca7,1704,Tier_3,0,D_6b60dd
U_f9ea23,1472,Tier_2,0,D_eb5a1d
U_5e4a0c,792,Tier_2,0,D_45b4cb
U_86a05e,1483,Tier_2,0,D_3f58c1
U_7e81c4,1355,Tier_2,0,D_ac8790
U_a49740,216,Tier_3,0,D_1c221c
U_96e82e,1519,Tier_3,0,D_ef58d0
U_88a7c7,1419,Tier_3,0,D_d075f6
U_edef13,1597,Tier_3,0,D_abc044
U_7728ee,637,Tier_2,0,D_f980d3
U_b3f3ea,674,Tier_2,0,D_924b29
U_51d167,563,Tier_3,0,D_5fb936
U_a34288,84,Tier_2,0,D_719ebe
U_92af80,1665,Tier_2,0,D_5de3b6
U_78731d,35,Tier_2,0,D_e91c16
U_a1e1c0,520,Tier_3,0,D_46d3e0
U_564e87,252,Tier_3,0,D_e71e4c
U_362142,465,Tier_1,0,D_6c11a7
U_cb4c68,330,Tier_2,0,D_f05861
U_0d1345,1392,Tier_3,0,D_0708fb
U_bcd1b2,1070,Tier_2,0,D_507d51
U_e295de,1363,Tier_1,0,D_63f528
U_02e967,785,Tier_2,0,D_e97be4
U_aa38d1,250,Tier_3,0,D_973f0d
U_be1f4b,1717,Tier_2,0,D_8a6b18
U_3e2d5e,969,Tier_2,0,D_da3641
U_d2ea0f,360,Tier_1,0,D_d52120
U_e2e93d,447,Tier_2,0,D_28e458
U_d34edf,602,Tier_2,0,D_d9cd1e
U_e8bf46,1183,Tier_1,0,D_db23b0
U_eea00d,1385,Tier_2,0,D_1401c0
U_f9f77f,1323,Tier_2,0,D_e7bf9a
U_1258da,519,Tier_3,0,D_37619d
U_2da299,797,Tier_2,0,D_ce9c4e
U_09e9db,656,Tier_3,0,D_357459
U_143e90,1222,Tier_3,0,D_1148ee
U_84897a,858,Tier_3,0,D_136bd2
U_ae5ebb,250,Tier_1,0,D_7ecde8
U_cceed4,1537,Tier_3,0,D_90b6aa
U_91c976,358,Tier_2,0,D_7b4e12
U_b61245,1605,Tier_2,0,D_eae44e
U_755eea,1001,Tier_3,1,D_f3d6c1
U_ce2ed3,1319,Tier_2,0,D_b678a5
U_fc8ba6,496,Tier_3,0,D_90ee24
U_78ae1c,1384,Tier_2,0,D_e004f3
U_290710,914,Tier_2,0,D_e50a5b
U_80917d,246,Tier_2,0,D_63ee15
U_1a7542,540,Tier_2,0,D_2e1917
U_9c44f6,1569,Tier_2,0,D_afeb9c
U_ef5225,986,Tier_1,0,D_363a68
U_915a4e,600,Tier_1,0,D_65e534
U_300287,1201,Tier_3,0,D_ec0206
U_2644b5,1654,Tier_1,0,D_6c1e9e
U_a5c71a,1469,Tier_2,0,D_72463d
U_009ec4,1364,Tier_3,0,D_9a4481
U_8a5658,878,Tier_1,0,D_25cfb1
U_32f54e,1071,Tier_3,0,D_ec03e1
U_73f60d,467,Tier_3,0,D_c7d4ba
U_66a08d,1018,Tier_3,0,D_e0c0c8
U_4348d0,1463,Tier_3,0,D_726ea3
U_b3da28,777,Tier_1,0,D_b91b7f
U_fbf260,1144,Tier_2,0,D_d62b11
U_839e52,988,Tier_2,0,D_64c4b9
U_ac9acb,553,Tier_3,0,D_c6ea66
U_ed3245,948,Tier_3,0,D_c4eb42
U_31edd1,1043,Tier_2,0,D_8be3e1
U_d43d4d,1621,Tier_2,0,D_ac8790
U_388fd6,1604,Tier_2,0,D_a1c024
U_def25c,14,Tier_2,0,D_01fe81
U_87f443,1489,Tier_2,0,D_6c93ed
U_447ebb,690,Tier_3,0,D_381eb2
U_ede0dd,561,Tier_1,0,D_676681
U_115b66,538,Tier_2,0,D_ffabe7
U_e09a8c,357,Tier_3,0,D_4a4d16
U_b83b0e,555,Tier_2,0,D_1aefb1
U_32e971,1706,Tier_1,0,D_3aa063
U_636b98,1009,Tier_1,0,D_86dc1c
U_194142,477,Tier_1,0,D_49ac4a
U_65d235,1416,Tier_1,0,D_6e5455
U_492d89,400,Tier_1,0,D_17c5c7
U_337f77,861,Tier_2,0,D_9acf22
U_23b30b,175,Tier_2,0,D_98a92d
U_e134d6,593,Tier_3,0,D_3f8031
U_781b90,497,Tier_3,0,D_3ef882
U_7e4829,672,Tier_3,0,D_18d122
U_316161,156,Tier_3,0,D_afb199
U_885053,600,Tier_3,0,D_a0916d
U_c4e2f3,1658,Tier_2,0,D_9d6ff4
U_266b82,443,Tier_2,0,D_05120c
U_5711c0,1216,Tier_2,0,D_ead537
U_e2b84a,879,Tier_2,0,D_df73d3
U_66dc43,1575,Tier_2,0,D_ef703f
U_a1a8ec,1276,Tier_2,0,D_15afee
